,Title,Location,Price,Area,Status
0,4 BHK Independent House,"Old Bowenpally, Hyderabad","16,500",1000,Unfurnished
1,2 BHK Independent House,"Khairatabad Road, Hyderabad","14,000",700,Semi-Furnished
2,2 BHK Independent House,"Shaikpet, Hyderabad","12,000",1200,Unfurnished
3,5 BHK Villa,"Nallagandla Gachibowli, Hyderabad","80,000",4000,Semi-Furnished
4,5 BHK Villa,"Moinabad, Hyderabad",200000,7000,Furnished
5,2 BHK Apartment,"Chintalmet, Hyderabad","10,000",1000,Semi-Furnished
6,3 BHK Independent House,"Bolarum, Hyderabad","18,000",2000,Semi-Furnished
7,2 BHK Independent Floor,"Upparpally, Hyderabad","18,000",1700,Furnished
8,2 BHK Apartment,"Boiguda, Hyderabad","17,000",900,Unfurnished
9,3 BHK Apartment,"Pragathi Nagar Kukatpally, Hyderabad","16,000",1570,Semi-Furnished
10,2 BHK Apartment,"Moosapet, Hyderabad","15,000",1100,Semi-Furnished
11,3 BHK Apartment,"Somajiguda, Hyderabad","20,000",1500,Semi-Furnished
12,3 BHK Independent House,"Kothapet, Hyderabad","40,000",1700,Semi-Furnished
13,1 BHK Independent Floor,"Attapur, Hyderabad","8,000",700,Unfurnished
14,7 BHK Independent Floor,"Miyapur, Hyderabad",150000,9900,Semi-Furnished
15,3 BHK Apartment,"Ramachandra Puram, Hyderabad","18,000",1300,Semi-Furnished
16,3 BHK Apartment,"Gajulramaram Kukatpally, Hyderabad","27,000",1620,Semi-Furnished
17,3 BHK Apartment,"Krishna Reddy Pet, Hyderabad","18,000",1360,Semi-Furnished
18,3 BHK Apartment,"Pocharam, Hyderabad","12,000",1500,Semi-Furnished
19,2 BHK Independent House,"Kothapet, Hyderabad","13,500",1400,Unfurnished
20,4 BHK Independent House,"Old Bowenpally, Hyderabad","16,500",1000,Unfurnished
21,2 BHK Independent House,"Khairatabad Road, Hyderabad","14,000",700,Semi-Furnished
22,2 BHK Independent House,"Shaikpet, Hyderabad","12,000",1200,Unfurnished
23,5 BHK Villa,"Nallagandla Gachibowli, Hyderabad","80,000",4000,Semi-Furnished
24,5 BHK Villa,"Moinabad, Hyderabad",200000,7000,Furnished
25,2 BHK Apartment,"Chintalmet, Hyderabad","10,000",1000,Semi-Furnished
26,3 BHK Independent House,"Bolarum, Hyderabad","18,000",2000,Semi-Furnished
27,2 BHK Independent Floor,"Upparpally, Hyderabad","18,000",1700,Furnished
28,2 BHK Apartment,"Boiguda, Hyderabad","17,000",900,Unfurnished
29,3 BHK Apartment,"Pragathi Nagar Kukatpally, Hyderabad","16,000",1570,Semi-Furnished
30,2 BHK Apartment,"Moosapet, Hyderabad","15,000",1100,Semi-Furnished
31,3 BHK Apartment,"Somajiguda, Hyderabad","20,000",1500,Semi-Furnished
32,3 BHK Independent House,"Kothapet, Hyderabad","40,000",1700,Semi-Furnished
33,1 BHK Independent Floor,"Attapur, Hyderabad","8,000",700,Unfurnished
34,7 BHK Independent Floor,"Miyapur, Hyderabad",150000,9900,Semi-Furnished
35,3 BHK Apartment,"Ramachandra Puram, Hyderabad","18,000",1300,Semi-Furnished
36,3 BHK Apartment,"Gajulramaram Kukatpally, Hyderabad","27,000",1620,Semi-Furnished
37,3 BHK Apartment,"Krishna Reddy Pet, Hyderabad","18,000",1360,Semi-Furnished
38,3 BHK Apartment,"Pocharam, Hyderabad","12,000",1500,Semi-Furnished
39,2 BHK Independent House,"Kothapet, Hyderabad","13,500",1400,Unfurnished
40,4 BHK Independent House,"Old Bowenpally, Hyderabad","16,500",1000,Unfurnished
41,2 BHK Independent House,"Khairatabad Road, Hyderabad","14,000",700,Semi-Furnished
42,2 BHK Independent House,"Shaikpet, Hyderabad","12,000",1200,Unfurnished
43,5 BHK Villa,"Nallagandla Gachibowli, Hyderabad","80,000",4000,Semi-Furnished
44,5 BHK Villa,"Moinabad, Hyderabad",200000,7000,Furnished
45,2 BHK Apartment,"Chintalmet, Hyderabad","10,000",1000,Semi-Furnished
46,3 BHK Independent House,"Bolarum, Hyderabad","18,000",2000,Semi-Furnished
47,2 BHK Independent Floor,"Upparpally, Hyderabad","18,000",1700,Furnished
48,2 BHK Apartment,"Boiguda, Hyderabad","17,000",900,Unfurnished
49,3 BHK Apartment,"Pragathi Nagar Kukatpally, Hyderabad","16,000",1570,Semi-Furnished
50,2 BHK Apartment,"Moosapet, Hyderabad","15,000",1100,Semi-Furnished
51,3 BHK Apartment,"Somajiguda, Hyderabad","20,000",1500,Semi-Furnished
52,3 BHK Independent House,"Kothapet, Hyderabad","40,000",1700,Semi-Furnished
53,1 BHK Independent Floor,"Attapur, Hyderabad","8,000",700,Unfurnished
54,7 BHK Independent Floor,"Miyapur, Hyderabad",150000,9900,Semi-Furnished
55,3 BHK Apartment,"Ramachandra Puram, Hyderabad","18,000",1300,Semi-Furnished
56,3 BHK Apartment,"Gajulramaram Kukatpally, Hyderabad","27,000",1620,Semi-Furnished
57,3 BHK Apartment,"Krishna Reddy Pet, Hyderabad","18,000",1360,Semi-Furnished
58,3 BHK Apartment,"Pocharam, Hyderabad","12,000",1500,Semi-Furnished
59,2 BHK Independent House,"Kothapet, Hyderabad","13,500",1400,Unfurnished
60,4 BHK Independent House,"Old Bowenpally, Hyderabad","16,500",1000,Unfurnished
61,2 BHK Independent House,"Khairatabad Road, Hyderabad","14,000",700,Semi-Furnished
62,2 BHK Independent House,"Shaikpet, Hyderabad","12,000",1200,Unfurnished
63,5 BHK Villa,"Nallagandla Gachibowli, Hyderabad","80,000",4000,Semi-Furnished
64,5 BHK Villa,"Moinabad, Hyderabad",200000,7000,Furnished
65,2 BHK Apartment,"Chintalmet, Hyderabad","10,000",1000,Semi-Furnished
66,3 BHK Independent House,"Bolarum, Hyderabad","18,000",2000,Semi-Furnished
67,2 BHK Independent Floor,"Upparpally, Hyderabad","18,000",1700,Furnished
68,2 BHK Apartment,"Boiguda, Hyderabad","17,000",900,Unfurnished
69,3 BHK Apartment,"Pragathi Nagar Kukatpally, Hyderabad","16,000",1570,Semi-Furnished
70,2 BHK Apartment,"Moosapet, Hyderabad","15,000",1100,Semi-Furnished
71,3 BHK Apartment,"Somajiguda, Hyderabad","20,000",1500,Semi-Furnished
72,3 BHK Independent House,"Kothapet, Hyderabad","40,000",1700,Semi-Furnished
73,1 BHK Independent Floor,"Attapur, Hyderabad","8,000",700,Unfurnished
74,7 BHK Independent Floor,"Miyapur, Hyderabad",150000,9900,Semi-Furnished
75,3 BHK Apartment,"Ramachandra Puram, Hyderabad","18,000",1300,Semi-Furnished
76,3 BHK Apartment,"Gajulramaram Kukatpally, Hyderabad","27,000",1620,Semi-Furnished
77,3 BHK Apartment,"Krishna Reddy Pet, Hyderabad","18,000",1360,Semi-Furnished
78,3 BHK Apartment,"Pocharam, Hyderabad","12,000",1500,Semi-Furnished
79,2 BHK Independent House,"Kothapet, Hyderabad","13,500",1400,Unfurnished
80,4 BHK Independent House,"Old Bowenpally, Hyderabad","16,500",1000,Unfurnished
81,2 BHK Independent House,"Khairatabad Road, Hyderabad","14,000",700,Semi-Furnished
82,2 BHK Independent House,"Shaikpet, Hyderabad","12,000",1200,Unfurnished
83,5 BHK Villa,"Nallagandla Gachibowli, Hyderabad","80,000",4000,Semi-Furnished
84,5 BHK Villa,"Moinabad, Hyderabad",200000,7000,Furnished
85,2 BHK Apartment,"Chintalmet, Hyderabad","10,000",1000,Semi-Furnished
86,3 BHK Independent House,"Bolarum, Hyderabad","18,000",2000,Semi-Furnished
87,2 BHK Independent Floor,"Upparpally, Hyderabad","18,000",1700,Furnished
88,2 BHK Apartment,"Boiguda, Hyderabad","17,000",900,Unfurnished
89,3 BHK Apartment,"Pragathi Nagar Kukatpally, Hyderabad","16,000",1570,Semi-Furnished
90,2 BHK Apartment,"Moosapet, Hyderabad","15,000",1100,Semi-Furnished
91,3 BHK Apartment,"Somajiguda, Hyderabad","20,000",1500,Semi-Furnished
92,3 BHK Independent House,"Kothapet, Hyderabad","40,000",1700,Semi-Furnished
93,1 BHK Independent Floor,"Attapur, Hyderabad","8,000",700,Unfurnished
94,7 BHK Independent Floor,"Miyapur, Hyderabad",150000,9900,Semi-Furnished
95,3 BHK Apartment,"Ramachandra Puram, Hyderabad","18,000",1300,Semi-Furnished
96,3 BHK Apartment,"Gajulramaram Kukatpally, Hyderabad","27,000",1620,Semi-Furnished
97,3 BHK Apartment,"Krishna Reddy Pet, Hyderabad","18,000",1360,Semi-Furnished
98,3 BHK Apartment,"Pocharam, Hyderabad","12,000",1500,Semi-Furnished
99,2 BHK Independent House,"Kothapet, Hyderabad","13,500",1400,Unfurnished
100,4 BHK Independent House,"Old Bowenpally, Hyderabad","16,500",1000,Unfurnished
101,2 BHK Independent House,"Khairatabad Road, Hyderabad","14,000",700,Semi-Furnished
102,2 BHK Independent House,"Shaikpet, Hyderabad","12,000",1200,Unfurnished
103,5 BHK Villa,"Nallagandla Gachibowli, Hyderabad","80,000",4000,Semi-Furnished
104,5 BHK Villa,"Moinabad, Hyderabad",200000,7000,Furnished
105,2 BHK Apartment,"Chintalmet, Hyderabad","10,000",1000,Semi-Furnished
106,3 BHK Independent House,"Bolarum, Hyderabad","18,000",2000,Semi-Furnished
107,2 BHK Independent Floor,"Upparpally, Hyderabad","18,000",1700,Furnished
108,2 BHK Apartment,"Boiguda, Hyderabad","17,000",900,Unfurnished
109,3 BHK Apartment,"Pragathi Nagar Kukatpally, Hyderabad","16,000",1570,Semi-Furnished
110,2 BHK Apartment,"Moosapet, Hyderabad","15,000",1100,Semi-Furnished
111,3 BHK Apartment,"Somajiguda, Hyderabad","20,000",1500,Semi-Furnished
112,3 BHK Independent House,"Kothapet, Hyderabad","40,000",1700,Semi-Furnished
113,1 BHK Independent Floor,"Attapur, Hyderabad","8,000",700,Unfurnished
114,7 BHK Independent Floor,"Miyapur, Hyderabad",150000,9900,Semi-Furnished
115,3 BHK Apartment,"Ramachandra Puram, Hyderabad","18,000",1300,Semi-Furnished
116,3 BHK Apartment,"Gajulramaram Kukatpally, Hyderabad","27,000",1620,Semi-Furnished
117,3 BHK Apartment,"Krishna Reddy Pet, Hyderabad","18,000",1360,Semi-Furnished
118,3 BHK Apartment,"Pocharam, Hyderabad","12,000",1500,Semi-Furnished
119,2 BHK Independent House,"Kothapet, Hyderabad","13,500",1400,Unfurnished
120,4 BHK Independent House,"Old Bowenpally, Hyderabad","16,500",1000,Unfurnished
121,2 BHK Independent House,"Khairatabad Road, Hyderabad","14,000",700,Semi-Furnished
122,2 BHK Independent House,"Shaikpet, Hyderabad","12,000",1200,Unfurnished
123,5 BHK Villa,"Nallagandla Gachibowli, Hyderabad","80,000",4000,Semi-Furnished
124,5 BHK Villa,"Moinabad, Hyderabad",200000,7000,Furnished
125,2 BHK Apartment,"Chintalmet, Hyderabad","10,000",1000,Semi-Furnished
126,3 BHK Independent House,"Bolarum, Hyderabad","18,000",2000,Semi-Furnished
127,2 BHK Independent Floor,"Upparpally, Hyderabad","18,000",1700,Furnished
128,2 BHK Apartment,"Boiguda, Hyderabad","17,000",900,Unfurnished
129,3 BHK Apartment,"Pragathi Nagar Kukatpally, Hyderabad","16,000",1570,Semi-Furnished
130,2 BHK Apartment,"Moosapet, Hyderabad","15,000",1100,Semi-Furnished
131,3 BHK Apartment,"Somajiguda, Hyderabad","20,000",1500,Semi-Furnished
132,3 BHK Independent House,"Kothapet, Hyderabad","40,000",1700,Semi-Furnished
133,1 BHK Independent Floor,"Attapur, Hyderabad","8,000",700,Unfurnished
134,7 BHK Independent Floor,"Miyapur, Hyderabad",150000,9900,Semi-Furnished
135,3 BHK Apartment,"Ramachandra Puram, Hyderabad","18,000",1300,Semi-Furnished
136,3 BHK Apartment,"Gajulramaram Kukatpally, Hyderabad","27,000",1620,Semi-Furnished
137,3 BHK Apartment,"Krishna Reddy Pet, Hyderabad","18,000",1360,Semi-Furnished
138,3 BHK Apartment,"Pocharam, Hyderabad","12,000",1500,Semi-Furnished
139,2 BHK Independent House,"Kothapet, Hyderabad","13,500",1400,Unfurnished
140,4 BHK Independent House,"Old Bowenpally, Hyderabad","16,500",1000,Unfurnished
141,2 BHK Independent House,"Khairatabad Road, Hyderabad","14,000",700,Semi-Furnished
142,2 BHK Independent House,"Shaikpet, Hyderabad","12,000",1200,Unfurnished
143,5 BHK Villa,"Nallagandla Gachibowli, Hyderabad","80,000",4000,Semi-Furnished
144,5 BHK Villa,"Moinabad, Hyderabad",200000,7000,Furnished
145,2 BHK Apartment,"Chintalmet, Hyderabad","10,000",1000,Semi-Furnished
146,3 BHK Independent House,"Bolarum, Hyderabad","18,000",2000,Semi-Furnished
147,2 BHK Independent Floor,"Upparpally, Hyderabad","18,000",1700,Furnished
148,2 BHK Apartment,"Boiguda, Hyderabad","17,000",900,Unfurnished
149,3 BHK Apartment,"Pragathi Nagar Kukatpally, Hyderabad","16,000",1570,Semi-Furnished
150,2 BHK Apartment,"Moosapet, Hyderabad","15,000",1100,Semi-Furnished
151,3 BHK Apartment,"Somajiguda, Hyderabad","20,000",1500,Semi-Furnished
152,3 BHK Independent House,"Kothapet, Hyderabad","40,000",1700,Semi-Furnished
153,1 BHK Independent Floor,"Attapur, Hyderabad","8,000",700,Unfurnished
154,7 BHK Independent Floor,"Miyapur, Hyderabad",150000,9900,Semi-Furnished
155,3 BHK Apartment,"Ramachandra Puram, Hyderabad","18,000",1300,Semi-Furnished
156,3 BHK Apartment,"Gajulramaram Kukatpally, Hyderabad","27,000",1620,Semi-Furnished
157,3 BHK Apartment,"Krishna Reddy Pet, Hyderabad","18,000",1360,Semi-Furnished
158,3 BHK Apartment,"Pocharam, Hyderabad","12,000",1500,Semi-Furnished
159,2 BHK Independent House,"Kothapet, Hyderabad","13,500",1400,Unfurnished
160,4 BHK Independent House,"Old Bowenpally, Hyderabad","16,500",1000,Unfurnished
161,2 BHK Independent House,"Khairatabad Road, Hyderabad","14,000",700,Semi-Furnished
162,2 BHK Independent House,"Shaikpet, Hyderabad","12,000",1200,Unfurnished
163,5 BHK Villa,"Nallagandla Gachibowli, Hyderabad","80,000",4000,Semi-Furnished
164,5 BHK Villa,"Moinabad, Hyderabad",200000,7000,Furnished
165,2 BHK Apartment,"Chintalmet, Hyderabad","10,000",1000,Semi-Furnished
166,3 BHK Independent House,"Bolarum, Hyderabad","18,000",2000,Semi-Furnished
167,2 BHK Independent Floor,"Upparpally, Hyderabad","18,000",1700,Furnished
168,2 BHK Apartment,"Boiguda, Hyderabad","17,000",900,Unfurnished
169,3 BHK Apartment,"Pragathi Nagar Kukatpally, Hyderabad","16,000",1570,Semi-Furnished
170,2 BHK Apartment,"Moosapet, Hyderabad","15,000",1100,Semi-Furnished
171,3 BHK Apartment,"Somajiguda, Hyderabad","20,000",1500,Semi-Furnished
172,3 BHK Independent House,"Kothapet, Hyderabad","40,000",1700,Semi-Furnished
173,1 BHK Independent Floor,"Attapur, Hyderabad","8,000",700,Unfurnished
174,7 BHK Independent Floor,"Miyapur, Hyderabad",150000,9900,Semi-Furnished
175,3 BHK Apartment,"Ramachandra Puram, Hyderabad","18,000",1300,Semi-Furnished
176,3 BHK Apartment,"Gajulramaram Kukatpally, Hyderabad","27,000",1620,Semi-Furnished
177,3 BHK Apartment,"Krishna Reddy Pet, Hyderabad","18,000",1360,Semi-Furnished
178,3 BHK Apartment,"Pocharam, Hyderabad","12,000",1500,Semi-Furnished
179,2 BHK Independent House,"Kothapet, Hyderabad","13,500",1400,Unfurnished
180,4 BHK Independent House,"Old Bowenpally, Hyderabad","16,500",1000,Unfurnished
181,2 BHK Independent House,"Khairatabad Road, Hyderabad","14,000",700,Semi-Furnished
182,2 BHK Independent House,"Shaikpet, Hyderabad","12,000",1200,Unfurnished
183,5 BHK Villa,"Nallagandla Gachibowli, Hyderabad","80,000",4000,Semi-Furnished
184,5 BHK Villa,"Moinabad, Hyderabad",200000,7000,Furnished
185,2 BHK Apartment,"Chintalmet, Hyderabad","10,000",1000,Semi-Furnished
186,3 BHK Independent House,"Bolarum, Hyderabad","18,000",2000,Semi-Furnished
187,2 BHK Independent Floor,"Upparpally, Hyderabad","18,000",1700,Furnished
188,2 BHK Apartment,"Boiguda, Hyderabad","17,000",900,Unfurnished
189,3 BHK Apartment,"Pragathi Nagar Kukatpally, Hyderabad","16,000",1570,Semi-Furnished
190,2 BHK Apartment,"Moosapet, Hyderabad","15,000",1100,Semi-Furnished
191,3 BHK Apartment,"Somajiguda, Hyderabad","20,000",1500,Semi-Furnished
192,3 BHK Independent House,"Kothapet, Hyderabad","40,000",1700,Semi-Furnished
193,1 BHK Independent Floor,"Attapur, Hyderabad","8,000",700,Unfurnished
194,7 BHK Independent Floor,"Miyapur, Hyderabad",150000,9900,Semi-Furnished
195,3 BHK Apartment,"Ramachandra Puram, Hyderabad","18,000",1300,Semi-Furnished
196,3 BHK Apartment,"Gajulramaram Kukatpally, Hyderabad","27,000",1620,Semi-Furnished
197,3 BHK Apartment,"Krishna Reddy Pet, Hyderabad","18,000",1360,Semi-Furnished
198,3 BHK Apartment,"Pocharam, Hyderabad","12,000",1500,Semi-Furnished
199,2 BHK Independent House,"Kothapet, Hyderabad","13,500",1400,Unfurnished
200,4 BHK Independent House,"Old Bowenpally, Hyderabad","16,500",1000,Unfurnished
201,2 BHK Independent House,"Khairatabad Road, Hyderabad","14,000",700,Semi-Furnished
202,2 BHK Independent House,"Shaikpet, Hyderabad","12,000",1200,Unfurnished
203,5 BHK Villa,"Nallagandla Gachibowli, Hyderabad","80,000",4000,Semi-Furnished
204,5 BHK Villa,"Moinabad, Hyderabad",200000,7000,Furnished
205,2 BHK Apartment,"Chintalmet, Hyderabad","10,000",1000,Semi-Furnished
206,3 BHK Independent House,"Bolarum, Hyderabad","18,000",2000,Semi-Furnished
207,2 BHK Independent Floor,"Upparpally, Hyderabad","18,000",1700,Furnished
208,2 BHK Apartment,"Boiguda, Hyderabad","17,000",900,Unfurnished
209,3 BHK Apartment,"Pragathi Nagar Kukatpally, Hyderabad","16,000",1570,Semi-Furnished
210,2 BHK Apartment,"Moosapet, Hyderabad","15,000",1100,Semi-Furnished
211,3 BHK Apartment,"Somajiguda, Hyderabad","20,000",1500,Semi-Furnished
212,3 BHK Independent House,"Kothapet, Hyderabad","40,000",1700,Semi-Furnished
213,1 BHK Independent Floor,"Attapur, Hyderabad","8,000",700,Unfurnished
214,7 BHK Independent Floor,"Miyapur, Hyderabad",150000,9900,Semi-Furnished
215,3 BHK Apartment,"Ramachandra Puram, Hyderabad","18,000",1300,Semi-Furnished
216,3 BHK Apartment,"Gajulramaram Kukatpally, Hyderabad","27,000",1620,Semi-Furnished
217,3 BHK Apartment,"Krishna Reddy Pet, Hyderabad","18,000",1360,Semi-Furnished
218,3 BHK Apartment,"Pocharam, Hyderabad","12,000",1500,Semi-Furnished
219,2 BHK Independent House,"Kothapet, Hyderabad","13,500",1400,Unfurnished
220,4 BHK Independent House,"Old Bowenpally, Hyderabad","16,500",1000,Unfurnished
221,2 BHK Independent House,"Khairatabad Road, Hyderabad","14,000",700,Semi-Furnished
222,2 BHK Independent House,"Shaikpet, Hyderabad","12,000",1200,Unfurnished
223,5 BHK Villa,"Nallagandla Gachibowli, Hyderabad","80,000",4000,Semi-Furnished
224,5 BHK Villa,"Moinabad, Hyderabad",200000,7000,Furnished
225,2 BHK Apartment,"Chintalmet, Hyderabad","10,000",1000,Semi-Furnished
226,3 BHK Independent House,"Bolarum, Hyderabad","18,000",2000,Semi-Furnished
227,2 BHK Independent Floor,"Upparpally, Hyderabad","18,000",1700,Furnished
228,2 BHK Apartment,"Boiguda, Hyderabad","17,000",900,Unfurnished
229,3 BHK Apartment,"Pragathi Nagar Kukatpally, Hyderabad","16,000",1570,Semi-Furnished
230,2 BHK Apartment,"Moosapet, Hyderabad","15,000",1100,Semi-Furnished
231,3 BHK Apartment,"Somajiguda, Hyderabad","20,000",1500,Semi-Furnished
232,3 BHK Independent House,"Kothapet, Hyderabad","40,000",1700,Semi-Furnished
233,1 BHK Independent Floor,"Attapur, Hyderabad","8,000",700,Unfurnished
234,7 BHK Independent Floor,"Miyapur, Hyderabad",150000,9900,Semi-Furnished
235,3 BHK Apartment,"Ramachandra Puram, Hyderabad","18,000",1300,Semi-Furnished
236,3 BHK Apartment,"Gajulramaram Kukatpally, Hyderabad","27,000",1620,Semi-Furnished
237,3 BHK Apartment,"Krishna Reddy Pet, Hyderabad","18,000",1360,Semi-Furnished
238,3 BHK Apartment,"Pocharam, Hyderabad","12,000",1500,Semi-Furnished
239,2 BHK Independent House,"Kothapet, Hyderabad","13,500",1400,Unfurnished
240,4 BHK Independent House,"Old Bowenpally, Hyderabad","16,500",1000,Unfurnished
241,2 BHK Independent House,"Khairatabad Road, Hyderabad","14,000",700,Semi-Furnished
242,2 BHK Independent House,"Shaikpet, Hyderabad","12,000",1200,Unfurnished
243,5 BHK Villa,"Nallagandla Gachibowli, Hyderabad","80,000",4000,Semi-Furnished
244,5 BHK Villa,"Moinabad, Hyderabad",200000,7000,Furnished
245,2 BHK Apartment,"Chintalmet, Hyderabad","10,000",1000,Semi-Furnished
246,3 BHK Independent House,"Bolarum, Hyderabad","18,000",2000,Semi-Furnished
247,2 BHK Independent Floor,"Upparpally, Hyderabad","18,000",1700,Furnished
248,2 BHK Apartment,"Boiguda, Hyderabad","17,000",900,Unfurnished
249,3 BHK Apartment,"Pragathi Nagar Kukatpally, Hyderabad","16,000",1570,Semi-Furnished
250,2 BHK Apartment,"Moosapet, Hyderabad","15,000",1100,Semi-Furnished
251,3 BHK Apartment,"Somajiguda, Hyderabad","20,000",1500,Semi-Furnished
252,3 BHK Independent House,"Kothapet, Hyderabad","40,000",1700,Semi-Furnished
253,1 BHK Independent Floor,"Attapur, Hyderabad","8,000",700,Unfurnished
254,7 BHK Independent Floor,"Miyapur, Hyderabad",150000,9900,Semi-Furnished
255,3 BHK Apartment,"Ramachandra Puram, Hyderabad","18,000",1300,Semi-Furnished
256,3 BHK Apartment,"Gajulramaram Kukatpally, Hyderabad","27,000",1620,Semi-Furnished
257,3 BHK Apartment,"Krishna Reddy Pet, Hyderabad","18,000",1360,Semi-Furnished
258,3 BHK Apartment,"Pocharam, Hyderabad","12,000",1500,Semi-Furnished
259,2 BHK Independent House,"Kothapet, Hyderabad","13,500",1400,Unfurnished
260,4 BHK Independent House,"Old Bowenpally, Hyderabad","16,500",1000,Unfurnished
261,2 BHK Independent House,"Khairatabad Road, Hyderabad","14,000",700,Semi-Furnished
262,2 BHK Independent House,"Shaikpet, Hyderabad","12,000",1200,Unfurnished
263,5 BHK Villa,"Nallagandla Gachibowli, Hyderabad","80,000",4000,Semi-Furnished
264,5 BHK Villa,"Moinabad, Hyderabad",200000,7000,Furnished
265,2 BHK Apartment,"Chintalmet, Hyderabad","10,000",1000,Semi-Furnished
266,3 BHK Independent House,"Bolarum, Hyderabad","18,000",2000,Semi-Furnished
267,2 BHK Independent Floor,"Upparpally, Hyderabad","18,000",1700,Furnished
268,2 BHK Apartment,"Boiguda, Hyderabad","17,000",900,Unfurnished
269,3 BHK Apartment,"Pragathi Nagar Kukatpally, Hyderabad","16,000",1570,Semi-Furnished
270,2 BHK Apartment,"Moosapet, Hyderabad","15,000",1100,Semi-Furnished
271,3 BHK Apartment,"Somajiguda, Hyderabad","20,000",1500,Semi-Furnished
272,3 BHK Independent House,"Kothapet, Hyderabad","40,000",1700,Semi-Furnished
273,1 BHK Independent Floor,"Attapur, Hyderabad","8,000",700,Unfurnished
274,7 BHK Independent Floor,"Miyapur, Hyderabad",150000,9900,Semi-Furnished
275,3 BHK Apartment,"Ramachandra Puram, Hyderabad","18,000",1300,Semi-Furnished
276,3 BHK Apartment,"Gajulramaram Kukatpally, Hyderabad","27,000",1620,Semi-Furnished
277,3 BHK Apartment,"Krishna Reddy Pet, Hyderabad","18,000",1360,Semi-Furnished
278,3 BHK Apartment,"Pocharam, Hyderabad","12,000",1500,Semi-Furnished
279,2 BHK Independent House,"Kothapet, Hyderabad","13,500",1400,Unfurnished
280,4 BHK Independent House,"Old Bowenpally, Hyderabad","16,500",1000,Unfurnished
281,2 BHK Independent House,"Khairatabad Road, Hyderabad","14,000",700,Semi-Furnished
282,2 BHK Independent House,"Shaikpet, Hyderabad","12,000",1200,Unfurnished
283,5 BHK Villa,"Nallagandla Gachibowli, Hyderabad","80,000",4000,Semi-Furnished
284,5 BHK Villa,"Moinabad, Hyderabad",200000,7000,Furnished
285,2 BHK Apartment,"Chintalmet, Hyderabad","10,000",1000,Semi-Furnished
286,3 BHK Independent House,"Bolarum, Hyderabad","18,000",2000,Semi-Furnished
287,2 BHK Independent Floor,"Upparpally, Hyderabad","18,000",1700,Furnished
288,2 BHK Apartment,"Boiguda, Hyderabad","17,000",900,Unfurnished
289,3 BHK Apartment,"Pragathi Nagar Kukatpally, Hyderabad","16,000",1570,Semi-Furnished
290,2 BHK Apartment,"Moosapet, Hyderabad","15,000",1100,Semi-Furnished
291,3 BHK Apartment,"Somajiguda, Hyderabad","20,000",1500,Semi-Furnished
292,3 BHK Independent House,"Kothapet, Hyderabad","40,000",1700,Semi-Furnished
293,1 BHK Independent Floor,"Attapur, Hyderabad","8,000",700,Unfurnished
294,7 BHK Independent Floor,"Miyapur, Hyderabad",150000,9900,Semi-Furnished
295,3 BHK Apartment,"Ramachandra Puram, Hyderabad","18,000",1300,Semi-Furnished
296,3 BHK Apartment,"Gajulramaram Kukatpally, Hyderabad","27,000",1620,Semi-Furnished
297,3 BHK Apartment,"Krishna Reddy Pet, Hyderabad","18,000",1360,Semi-Furnished
298,3 BHK Apartment,"Pocharam, Hyderabad","12,000",1500,Semi-Furnished
299,2 BHK Independent House,"Kothapet, Hyderabad","13,500",1400,Unfurnished
300,4 BHK Independent House,"Old Bowenpally, Hyderabad","16,500",1000,Unfurnished
301,2 BHK Independent House,"Khairatabad Road, Hyderabad","14,000",700,Semi-Furnished
302,2 BHK Independent House,"Shaikpet, Hyderabad","12,000",1200,Unfurnished
303,5 BHK Villa,"Nallagandla Gachibowli, Hyderabad","80,000",4000,Semi-Furnished
304,5 BHK Villa,"Moinabad, Hyderabad",200000,7000,Furnished
305,2 BHK Apartment,"Chintalmet, Hyderabad","10,000",1000,Semi-Furnished
306,3 BHK Independent House,"Bolarum, Hyderabad","18,000",2000,Semi-Furnished
307,2 BHK Independent Floor,"Upparpally, Hyderabad","18,000",1700,Furnished
308,2 BHK Apartment,"Boiguda, Hyderabad","17,000",900,Unfurnished
309,3 BHK Apartment,"Pragathi Nagar Kukatpally, Hyderabad","16,000",1570,Semi-Furnished
310,2 BHK Apartment,"Moosapet, Hyderabad","15,000",1100,Semi-Furnished
311,3 BHK Apartment,"Somajiguda, Hyderabad","20,000",1500,Semi-Furnished
312,3 BHK Independent House,"Kothapet, Hyderabad","40,000",1700,Semi-Furnished
313,1 BHK Independent Floor,"Attapur, Hyderabad","8,000",700,Unfurnished
314,7 BHK Independent Floor,"Miyapur, Hyderabad",150000,9900,Semi-Furnished
315,3 BHK Apartment,"Ramachandra Puram, Hyderabad","18,000",1300,Semi-Furnished
316,3 BHK Apartment,"Gajulramaram Kukatpally, Hyderabad","27,000",1620,Semi-Furnished
317,3 BHK Apartment,"Krishna Reddy Pet, Hyderabad","18,000",1360,Semi-Furnished
318,3 BHK Apartment,"Pocharam, Hyderabad","12,000",1500,Semi-Furnished
319,2 BHK Independent House,"Kothapet, Hyderabad","13,500",1400,Unfurnished
320,4 BHK Independent House,"Old Bowenpally, Hyderabad","16,500",1000,Unfurnished
321,2 BHK Independent House,"Khairatabad Road, Hyderabad","14,000",700,Semi-Furnished
322,2 BHK Independent House,"Shaikpet, Hyderabad","12,000",1200,Unfurnished
323,5 BHK Villa,"Nallagandla Gachibowli, Hyderabad","80,000",4000,Semi-Furnished
324,5 BHK Villa,"Moinabad, Hyderabad",200000,7000,Furnished
325,2 BHK Apartment,"Chintalmet, Hyderabad","10,000",1000,Semi-Furnished
326,3 BHK Independent House,"Bolarum, Hyderabad","18,000",2000,Semi-Furnished
327,2 BHK Independent Floor,"Upparpally, Hyderabad","18,000",1700,Furnished
328,2 BHK Apartment,"Boiguda, Hyderabad","17,000",900,Unfurnished
329,3 BHK Apartment,"Pragathi Nagar Kukatpally, Hyderabad","16,000",1570,Semi-Furnished
330,2 BHK Apartment,"Moosapet, Hyderabad","15,000",1100,Semi-Furnished
331,3 BHK Apartment,"Somajiguda, Hyderabad","20,000",1500,Semi-Furnished
332,3 BHK Independent House,"Kothapet, Hyderabad","40,000",1700,Semi-Furnished
333,1 BHK Independent Floor,"Attapur, Hyderabad","8,000",700,Unfurnished
334,7 BHK Independent Floor,"Miyapur, Hyderabad",150000,9900,Semi-Furnished
335,3 BHK Apartment,"Ramachandra Puram, Hyderabad","18,000",1300,Semi-Furnished
336,3 BHK Apartment,"Gajulramaram Kukatpally, Hyderabad","27,000",1620,Semi-Furnished
337,3 BHK Apartment,"Krishna Reddy Pet, Hyderabad","18,000",1360,Semi-Furnished
338,3 BHK Apartment,"Pocharam, Hyderabad","12,000",1500,Semi-Furnished
339,2 BHK Independent House,"Kothapet, Hyderabad","13,500",1400,Unfurnished
340,4 BHK Independent House,"Old Bowenpally, Hyderabad","16,500",1000,Unfurnished
341,2 BHK Independent House,"Khairatabad Road, Hyderabad","14,000",700,Semi-Furnished
342,2 BHK Independent House,"Shaikpet, Hyderabad","12,000",1200,Unfurnished
343,5 BHK Villa,"Nallagandla Gachibowli, Hyderabad","80,000",4000,Semi-Furnished
344,5 BHK Villa,"Moinabad, Hyderabad",200000,7000,Furnished
345,2 BHK Apartment,"Chintalmet, Hyderabad","10,000",1000,Semi-Furnished
346,3 BHK Independent House,"Bolarum, Hyderabad","18,000",2000,Semi-Furnished
347,2 BHK Independent Floor,"Upparpally, Hyderabad","18,000",1700,Furnished
348,2 BHK Apartment,"Boiguda, Hyderabad","17,000",900,Unfurnished
349,3 BHK Apartment,"Pragathi Nagar Kukatpally, Hyderabad","16,000",1570,Semi-Furnished
350,2 BHK Apartment,"Moosapet, Hyderabad","15,000",1100,Semi-Furnished
351,3 BHK Apartment,"Somajiguda, Hyderabad","20,000",1500,Semi-Furnished
352,3 BHK Independent House,"Kothapet, Hyderabad","40,000",1700,Semi-Furnished
353,1 BHK Independent Floor,"Attapur, Hyderabad","8,000",700,Unfurnished
354,7 BHK Independent Floor,"Miyapur, Hyderabad",150000,9900,Semi-Furnished
355,3 BHK Apartment,"Ramachandra Puram, Hyderabad","18,000",1300,Semi-Furnished
356,3 BHK Apartment,"Gajulramaram Kukatpally, Hyderabad","27,000",1620,Semi-Furnished
357,3 BHK Apartment,"Krishna Reddy Pet, Hyderabad","18,000",1360,Semi-Furnished
358,3 BHK Apartment,"Pocharam, Hyderabad","12,000",1500,Semi-Furnished
359,2 BHK Independent House,"Kothapet, Hyderabad","13,500",1400,Unfurnished
360,4 BHK Independent House,"Old Bowenpally, Hyderabad","16,500",1000,Unfurnished
361,2 BHK Independent House,"Khairatabad Road, Hyderabad","14,000",700,Semi-Furnished
362,2 BHK Independent House,"Shaikpet, Hyderabad","12,000",1200,Unfurnished
363,5 BHK Villa,"Nallagandla Gachibowli, Hyderabad","80,000",4000,Semi-Furnished
364,5 BHK Villa,"Moinabad, Hyderabad",200000,7000,Furnished
365,2 BHK Apartment,"Chintalmet, Hyderabad","10,000",1000,Semi-Furnished
366,3 BHK Independent House,"Bolarum, Hyderabad","18,000",2000,Semi-Furnished
367,2 BHK Independent Floor,"Upparpally, Hyderabad","18,000",1700,Furnished
368,2 BHK Apartment,"Boiguda, Hyderabad","17,000",900,Unfurnished
369,3 BHK Apartment,"Pragathi Nagar Kukatpally, Hyderabad","16,000",1570,Semi-Furnished
370,2 BHK Apartment,"Moosapet, Hyderabad","15,000",1100,Semi-Furnished
371,3 BHK Apartment,"Somajiguda, Hyderabad","20,000",1500,Semi-Furnished
372,3 BHK Independent House,"Kothapet, Hyderabad","40,000",1700,Semi-Furnished
373,1 BHK Independent Floor,"Attapur, Hyderabad","8,000",700,Unfurnished
374,7 BHK Independent Floor,"Miyapur, Hyderabad",150000,9900,Semi-Furnished
375,3 BHK Apartment,"Ramachandra Puram, Hyderabad","18,000",1300,Semi-Furnished
376,3 BHK Apartment,"Gajulramaram Kukatpally, Hyderabad","27,000",1620,Semi-Furnished
377,3 BHK Apartment,"Krishna Reddy Pet, Hyderabad","18,000",1360,Semi-Furnished
378,3 BHK Apartment,"Pocharam, Hyderabad","12,000",1500,Semi-Furnished
379,2 BHK Independent House,"Kothapet, Hyderabad","13,500",1400,Unfurnished
380,4 BHK Independent House,"Old Bowenpally, Hyderabad","16,500",1000,Unfurnished
381,2 BHK Independent House,"Khairatabad Road, Hyderabad","14,000",700,Semi-Furnished
382,2 BHK Independent House,"Shaikpet, Hyderabad","12,000",1200,Unfurnished
383,5 BHK Villa,"Nallagandla Gachibowli, Hyderabad","80,000",4000,Semi-Furnished
384,5 BHK Villa,"Moinabad, Hyderabad",200000,7000,Furnished
385,2 BHK Apartment,"Chintalmet, Hyderabad","10,000",1000,Semi-Furnished
386,3 BHK Independent House,"Bolarum, Hyderabad","18,000",2000,Semi-Furnished
387,2 BHK Independent Floor,"Upparpally, Hyderabad","18,000",1700,Furnished
388,2 BHK Apartment,"Boiguda, Hyderabad","17,000",900,Unfurnished
389,3 BHK Apartment,"Pragathi Nagar Kukatpally, Hyderabad","16,000",1570,Semi-Furnished
390,2 BHK Apartment,"Moosapet, Hyderabad","15,000",1100,Semi-Furnished
391,3 BHK Apartment,"Somajiguda, Hyderabad","20,000",1500,Semi-Furnished
392,3 BHK Independent House,"Kothapet, Hyderabad","40,000",1700,Semi-Furnished
393,1 BHK Independent Floor,"Attapur, Hyderabad","8,000",700,Unfurnished
394,7 BHK Independent Floor,"Miyapur, Hyderabad",150000,9900,Semi-Furnished
395,3 BHK Apartment,"Ramachandra Puram, Hyderabad","18,000",1300,Semi-Furnished
396,3 BHK Apartment,"Gajulramaram Kukatpally, Hyderabad","27,000",1620,Semi-Furnished
397,3 BHK Apartment,"Krishna Reddy Pet, Hyderabad","18,000",1360,Semi-Furnished
398,3 BHK Apartment,"Pocharam, Hyderabad","12,000",1500,Semi-Furnished
399,2 BHK Independent House,"Kothapet, Hyderabad","13,500",1400,Unfurnished
400,4 BHK Independent House,"Old Bowenpally, Hyderabad","16,500",1000,Unfurnished
401,2 BHK Independent House,"Khairatabad Road, Hyderabad","14,000",700,Semi-Furnished
402,2 BHK Independent House,"Shaikpet, Hyderabad","12,000",1200,Unfurnished
403,5 BHK Villa,"Nallagandla Gachibowli, Hyderabad","80,000",4000,Semi-Furnished
404,5 BHK Villa,"Moinabad, Hyderabad",200000,7000,Furnished
405,2 BHK Apartment,"Chintalmet, Hyderabad","10,000",1000,Semi-Furnished
406,3 BHK Independent House,"Bolarum, Hyderabad","18,000",2000,Semi-Furnished
407,2 BHK Independent Floor,"Upparpally, Hyderabad","18,000",1700,Furnished
408,2 BHK Apartment,"Boiguda, Hyderabad","17,000",900,Unfurnished
409,3 BHK Apartment,"Pragathi Nagar Kukatpally, Hyderabad","16,000",1570,Semi-Furnished
410,2 BHK Apartment,"Moosapet, Hyderabad","15,000",1100,Semi-Furnished
411,3 BHK Apartment,"Somajiguda, Hyderabad","20,000",1500,Semi-Furnished
412,3 BHK Independent House,"Kothapet, Hyderabad","40,000",1700,Semi-Furnished
413,1 BHK Independent Floor,"Attapur, Hyderabad","8,000",700,Unfurnished
414,7 BHK Independent Floor,"Miyapur, Hyderabad",150000,9900,Semi-Furnished
415,3 BHK Apartment,"Ramachandra Puram, Hyderabad","18,000",1300,Semi-Furnished
416,3 BHK Apartment,"Gajulramaram Kukatpally, Hyderabad","27,000",1620,Semi-Furnished
417,3 BHK Apartment,"Krishna Reddy Pet, Hyderabad","18,000",1360,Semi-Furnished
418,3 BHK Apartment,"Pocharam, Hyderabad","12,000",1500,Semi-Furnished
419,2 BHK Independent House,"Kothapet, Hyderabad","13,500",1400,Unfurnished
420,4 BHK Independent House,"Old Bowenpally, Hyderabad","16,500",1000,Unfurnished
421,2 BHK Independent House,"Khairatabad Road, Hyderabad","14,000",700,Semi-Furnished
422,2 BHK Independent House,"Shaikpet, Hyderabad","12,000",1200,Unfurnished
423,5 BHK Villa,"Nallagandla Gachibowli, Hyderabad","80,000",4000,Semi-Furnished
424,5 BHK Villa,"Moinabad, Hyderabad",200000,7000,Furnished
425,2 BHK Apartment,"Chintalmet, Hyderabad","10,000",1000,Semi-Furnished
426,3 BHK Independent House,"Bolarum, Hyderabad","18,000",2000,Semi-Furnished
427,2 BHK Independent Floor,"Upparpally, Hyderabad","18,000",1700,Furnished
428,2 BHK Apartment,"Boiguda, Hyderabad","17,000",900,Unfurnished
429,3 BHK Apartment,"Pragathi Nagar Kukatpally, Hyderabad","16,000",1570,Semi-Furnished
430,2 BHK Apartment,"Moosapet, Hyderabad","15,000",1100,Semi-Furnished
431,3 BHK Apartment,"Somajiguda, Hyderabad","20,000",1500,Semi-Furnished
432,3 BHK Independent House,"Kothapet, Hyderabad","40,000",1700,Semi-Furnished
433,1 BHK Independent Floor,"Attapur, Hyderabad","8,000",700,Unfurnished
434,7 BHK Independent Floor,"Miyapur, Hyderabad",150000,9900,Semi-Furnished
435,3 BHK Apartment,"Ramachandra Puram, Hyderabad","18,000",1300,Semi-Furnished
436,3 BHK Apartment,"Gajulramaram Kukatpally, Hyderabad","27,000",1620,Semi-Furnished
437,3 BHK Apartment,"Krishna Reddy Pet, Hyderabad","18,000",1360,Semi-Furnished
438,3 BHK Apartment,"Pocharam, Hyderabad","12,000",1500,Semi-Furnished
439,2 BHK Independent House,"Kothapet, Hyderabad","13,500",1400,Unfurnished
440,4 BHK Independent House,"Old Bowenpally, Hyderabad","16,500",1000,Unfurnished
441,2 BHK Independent House,"Khairatabad Road, Hyderabad","14,000",700,Semi-Furnished
442,2 BHK Independent House,"Shaikpet, Hyderabad","12,000",1200,Unfurnished
443,5 BHK Villa,"Nallagandla Gachibowli, Hyderabad","80,000",4000,Semi-Furnished
444,5 BHK Villa,"Moinabad, Hyderabad",200000,7000,Furnished
445,2 BHK Apartment,"Chintalmet, Hyderabad","10,000",1000,Semi-Furnished
446,3 BHK Independent House,"Bolarum, Hyderabad","18,000",2000,Semi-Furnished
447,2 BHK Independent Floor,"Upparpally, Hyderabad","18,000",1700,Furnished
448,2 BHK Apartment,"Boiguda, Hyderabad","17,000",900,Unfurnished
449,3 BHK Apartment,"Pragathi Nagar Kukatpally, Hyderabad","16,000",1570,Semi-Furnished
450,2 BHK Apartment,"Moosapet, Hyderabad","15,000",1100,Semi-Furnished
451,3 BHK Apartment,"Somajiguda, Hyderabad","20,000",1500,Semi-Furnished
452,3 BHK Independent House,"Kothapet, Hyderabad","40,000",1700,Semi-Furnished
453,1 BHK Independent Floor,"Attapur, Hyderabad","8,000",700,Unfurnished
454,7 BHK Independent Floor,"Miyapur, Hyderabad",150000,9900,Semi-Furnished
455,3 BHK Apartment,"Ramachandra Puram, Hyderabad","18,000",1300,Semi-Furnished
456,3 BHK Apartment,"Gajulramaram Kukatpally, Hyderabad","27,000",1620,Semi-Furnished
457,3 BHK Apartment,"Krishna Reddy Pet, Hyderabad","18,000",1360,Semi-Furnished
458,3 BHK Apartment,"Pocharam, Hyderabad","12,000",1500,Semi-Furnished
459,2 BHK Independent House,"Kothapet, Hyderabad","13,500",1400,Unfurnished
460,4 BHK Independent House,"Old Bowenpally, Hyderabad","16,500",1000,Unfurnished
461,2 BHK Independent House,"Khairatabad Road, Hyderabad","14,000",700,Semi-Furnished
462,2 BHK Independent House,"Shaikpet, Hyderabad","12,000",1200,Unfurnished
463,5 BHK Villa,"Nallagandla Gachibowli, Hyderabad","80,000",4000,Semi-Furnished
464,5 BHK Villa,"Moinabad, Hyderabad",200000,7000,Furnished
465,2 BHK Apartment,"Chintalmet, Hyderabad","10,000",1000,Semi-Furnished
466,3 BHK Independent House,"Bolarum, Hyderabad","18,000",2000,Semi-Furnished
467,2 BHK Independent Floor,"Upparpally, Hyderabad","18,000",1700,Furnished
468,2 BHK Apartment,"Boiguda, Hyderabad","17,000",900,Unfurnished
469,3 BHK Apartment,"Pragathi Nagar Kukatpally, Hyderabad","16,000",1570,Semi-Furnished
470,2 BHK Apartment,"Moosapet, Hyderabad","15,000",1100,Semi-Furnished
471,3 BHK Apartment,"Somajiguda, Hyderabad","20,000",1500,Semi-Furnished
472,3 BHK Independent House,"Kothapet, Hyderabad","40,000",1700,Semi-Furnished
473,1 BHK Independent Floor,"Attapur, Hyderabad","8,000",700,Unfurnished
474,7 BHK Independent Floor,"Miyapur, Hyderabad",150000,9900,Semi-Furnished
475,3 BHK Apartment,"Ramachandra Puram, Hyderabad","18,000",1300,Semi-Furnished
476,3 BHK Apartment,"Gajulramaram Kukatpally, Hyderabad","27,000",1620,Semi-Furnished
477,3 BHK Apartment,"Krishna Reddy Pet, Hyderabad","18,000",1360,Semi-Furnished
478,3 BHK Apartment,"Pocharam, Hyderabad","12,000",1500,Semi-Furnished
479,2 BHK Independent House,"Kothapet, Hyderabad","13,500",1400,Unfurnished
480,4 BHK Independent House,"Old Bowenpally, Hyderabad","16,500",1000,Unfurnished
481,2 BHK Independent House,"Khairatabad Road, Hyderabad","14,000",700,Semi-Furnished
482,2 BHK Independent House,"Shaikpet, Hyderabad","12,000",1200,Unfurnished
483,5 BHK Villa,"Nallagandla Gachibowli, Hyderabad","80,000",4000,Semi-Furnished
484,5 BHK Villa,"Moinabad, Hyderabad",200000,7000,Furnished
485,2 BHK Apartment,"Chintalmet, Hyderabad","10,000",1000,Semi-Furnished
486,3 BHK Independent House,"Bolarum, Hyderabad","18,000",2000,Semi-Furnished
487,2 BHK Independent Floor,"Upparpally, Hyderabad","18,000",1700,Furnished
488,2 BHK Apartment,"Boiguda, Hyderabad","17,000",900,Unfurnished
489,3 BHK Apartment,"Pragathi Nagar Kukatpally, Hyderabad","16,000",1570,Semi-Furnished
490,2 BHK Apartment,"Moosapet, Hyderabad","15,000",1100,Semi-Furnished
491,3 BHK Apartment,"Somajiguda, Hyderabad","20,000",1500,Semi-Furnished
492,3 BHK Independent House,"Kothapet, Hyderabad","40,000",1700,Semi-Furnished
493,1 BHK Independent Floor,"Attapur, Hyderabad","8,000",700,Unfurnished
494,7 BHK Independent Floor,"Miyapur, Hyderabad",150000,9900,Semi-Furnished
495,3 BHK Apartment,"Ramachandra Puram, Hyderabad","18,000",1300,Semi-Furnished
496,3 BHK Apartment,"Gajulramaram Kukatpally, Hyderabad","27,000",1620,Semi-Furnished
497,3 BHK Apartment,"Krishna Reddy Pet, Hyderabad","18,000",1360,Semi-Furnished
498,3 BHK Apartment,"Pocharam, Hyderabad","12,000",1500,Semi-Furnished
499,2 BHK Independent House,"Kothapet, Hyderabad","13,500",1400,Unfurnished
500,4 BHK Independent House,"Old Bowenpally, Hyderabad","16,500",1000,Unfurnished
501,2 BHK Independent House,"Khairatabad Road, Hyderabad","14,000",700,Semi-Furnished
502,2 BHK Independent House,"Shaikpet, Hyderabad","12,000",1200,Unfurnished
503,5 BHK Villa,"Nallagandla Gachibowli, Hyderabad","80,000",4000,Semi-Furnished
504,5 BHK Villa,"Moinabad, Hyderabad",200000,7000,Furnished
505,2 BHK Apartment,"Chintalmet, Hyderabad","10,000",1000,Semi-Furnished
506,3 BHK Independent House,"Bolarum, Hyderabad","18,000",2000,Semi-Furnished
507,2 BHK Independent Floor,"Upparpally, Hyderabad","18,000",1700,Furnished
508,2 BHK Apartment,"Boiguda, Hyderabad","17,000",900,Unfurnished
509,3 BHK Apartment,"Pragathi Nagar Kukatpally, Hyderabad","16,000",1570,Semi-Furnished
510,2 BHK Apartment,"Moosapet, Hyderabad","15,000",1100,Semi-Furnished
511,3 BHK Apartment,"Somajiguda, Hyderabad","20,000",1500,Semi-Furnished
512,3 BHK Independent House,"Kothapet, Hyderabad","40,000",1700,Semi-Furnished
513,1 BHK Independent Floor,"Attapur, Hyderabad","8,000",700,Unfurnished
514,7 BHK Independent Floor,"Miyapur, Hyderabad",150000,9900,Semi-Furnished
515,3 BHK Apartment,"Ramachandra Puram, Hyderabad","18,000",1300,Semi-Furnished
516,3 BHK Apartment,"Gajulramaram Kukatpally, Hyderabad","27,000",1620,Semi-Furnished
517,3 BHK Apartment,"Krishna Reddy Pet, Hyderabad","18,000",1360,Semi-Furnished
518,3 BHK Apartment,"Pocharam, Hyderabad","12,000",1500,Semi-Furnished
519,2 BHK Independent House,"Kothapet, Hyderabad","13,500",1400,Unfurnished
520,4 BHK Independent House,"Old Bowenpally, Hyderabad","16,500",1000,Unfurnished
521,2 BHK Independent House,"Khairatabad Road, Hyderabad","14,000",700,Semi-Furnished
522,2 BHK Independent House,"Shaikpet, Hyderabad","12,000",1200,Unfurnished
523,5 BHK Villa,"Nallagandla Gachibowli, Hyderabad","80,000",4000,Semi-Furnished
524,5 BHK Villa,"Moinabad, Hyderabad",200000,7000,Furnished
525,2 BHK Apartment,"Chintalmet, Hyderabad","10,000",1000,Semi-Furnished
526,3 BHK Independent House,"Bolarum, Hyderabad","18,000",2000,Semi-Furnished
527,2 BHK Independent Floor,"Upparpally, Hyderabad","18,000",1700,Furnished
528,2 BHK Apartment,"Boiguda, Hyderabad","17,000",900,Unfurnished
529,3 BHK Apartment,"Pragathi Nagar Kukatpally, Hyderabad","16,000",1570,Semi-Furnished
530,2 BHK Apartment,"Moosapet, Hyderabad","15,000",1100,Semi-Furnished
531,3 BHK Apartment,"Somajiguda, Hyderabad","20,000",1500,Semi-Furnished
532,3 BHK Independent House,"Kothapet, Hyderabad","40,000",1700,Semi-Furnished
533,1 BHK Independent Floor,"Attapur, Hyderabad","8,000",700,Unfurnished
534,7 BHK Independent Floor,"Miyapur, Hyderabad",150000,9900,Semi-Furnished
535,3 BHK Apartment,"Ramachandra Puram, Hyderabad","18,000",1300,Semi-Furnished
536,3 BHK Apartment,"Gajulramaram Kukatpally, Hyderabad","27,000",1620,Semi-Furnished
537,3 BHK Apartment,"Krishna Reddy Pet, Hyderabad","18,000",1360,Semi-Furnished
538,3 BHK Apartment,"Pocharam, Hyderabad","12,000",1500,Semi-Furnished
539,2 BHK Independent House,"Kothapet, Hyderabad","13,500",1400,Unfurnished
540,4 BHK Independent House,"Old Bowenpally, Hyderabad","16,500",1000,Unfurnished
541,2 BHK Independent House,"Khairatabad Road, Hyderabad","14,000",700,Semi-Furnished
542,2 BHK Independent House,"Shaikpet, Hyderabad","12,000",1200,Unfurnished
543,5 BHK Villa,"Nallagandla Gachibowli, Hyderabad","80,000",4000,Semi-Furnished
544,5 BHK Villa,"Moinabad, Hyderabad",200000,7000,Furnished
545,2 BHK Apartment,"Chintalmet, Hyderabad","10,000",1000,Semi-Furnished
546,3 BHK Independent House,"Bolarum, Hyderabad","18,000",2000,Semi-Furnished
547,2 BHK Independent Floor,"Upparpally, Hyderabad","18,000",1700,Furnished
548,2 BHK Apartment,"Boiguda, Hyderabad","17,000",900,Unfurnished
549,3 BHK Apartment,"Pragathi Nagar Kukatpally, Hyderabad","16,000",1570,Semi-Furnished
550,2 BHK Apartment,"Moosapet, Hyderabad","15,000",1100,Semi-Furnished
551,3 BHK Apartment,"Somajiguda, Hyderabad","20,000",1500,Semi-Furnished
552,3 BHK Independent House,"Kothapet, Hyderabad","40,000",1700,Semi-Furnished
553,1 BHK Independent Floor,"Attapur, Hyderabad","8,000",700,Unfurnished
554,7 BHK Independent Floor,"Miyapur, Hyderabad",150000,9900,Semi-Furnished
555,3 BHK Apartment,"Ramachandra Puram, Hyderabad","18,000",1300,Semi-Furnished
556,3 BHK Apartment,"Gajulramaram Kukatpally, Hyderabad","27,000",1620,Semi-Furnished
557,3 BHK Apartment,"Krishna Reddy Pet, Hyderabad","18,000",1360,Semi-Furnished
558,3 BHK Apartment,"Pocharam, Hyderabad","12,000",1500,Semi-Furnished
559,2 BHK Independent House,"Kothapet, Hyderabad","13,500",1400,Unfurnished
560,4 BHK Independent House,"Old Bowenpally, Hyderabad","16,500",1000,Unfurnished
561,2 BHK Independent House,"Khairatabad Road, Hyderabad","14,000",700,Semi-Furnished
562,2 BHK Independent House,"Shaikpet, Hyderabad","12,000",1200,Unfurnished
563,5 BHK Villa,"Nallagandla Gachibowli, Hyderabad","80,000",4000,Semi-Furnished
564,5 BHK Villa,"Moinabad, Hyderabad",200000,7000,Furnished
565,2 BHK Apartment,"Chintalmet, Hyderabad","10,000",1000,Semi-Furnished
566,3 BHK Independent House,"Bolarum, Hyderabad","18,000",2000,Semi-Furnished
567,2 BHK Independent Floor,"Upparpally, Hyderabad","18,000",1700,Furnished
568,2 BHK Apartment,"Boiguda, Hyderabad","17,000",900,Unfurnished
569,3 BHK Apartment,"Pragathi Nagar Kukatpally, Hyderabad","16,000",1570,Semi-Furnished
570,2 BHK Apartment,"Moosapet, Hyderabad","15,000",1100,Semi-Furnished
571,3 BHK Apartment,"Somajiguda, Hyderabad","20,000",1500,Semi-Furnished
572,3 BHK Independent House,"Kothapet, Hyderabad","40,000",1700,Semi-Furnished
573,1 BHK Independent Floor,"Attapur, Hyderabad","8,000",700,Unfurnished
574,7 BHK Independent Floor,"Miyapur, Hyderabad",150000,9900,Semi-Furnished
575,3 BHK Apartment,"Ramachandra Puram, Hyderabad","18,000",1300,Semi-Furnished
576,3 BHK Apartment,"Gajulramaram Kukatpally, Hyderabad","27,000",1620,Semi-Furnished
577,3 BHK Apartment,"Krishna Reddy Pet, Hyderabad","18,000",1360,Semi-Furnished
578,3 BHK Apartment,"Pocharam, Hyderabad","12,000",1500,Semi-Furnished
579,2 BHK Independent House,"Kothapet, Hyderabad","13,500",1400,Unfurnished
580,4 BHK Independent House,"Old Bowenpally, Hyderabad","16,500",1000,Unfurnished
581,2 BHK Independent House,"Khairatabad Road, Hyderabad","14,000",700,Semi-Furnished
582,2 BHK Independent House,"Shaikpet, Hyderabad","12,000",1200,Unfurnished
583,5 BHK Villa,"Nallagandla Gachibowli, Hyderabad","80,000",4000,Semi-Furnished
584,5 BHK Villa,"Moinabad, Hyderabad",200000,7000,Furnished
585,2 BHK Apartment,"Chintalmet, Hyderabad","10,000",1000,Semi-Furnished
586,3 BHK Independent House,"Bolarum, Hyderabad","18,000",2000,Semi-Furnished
587,2 BHK Independent Floor,"Upparpally, Hyderabad","18,000",1700,Furnished
588,2 BHK Apartment,"Boiguda, Hyderabad","17,000",900,Unfurnished
589,3 BHK Apartment,"Pragathi Nagar Kukatpally, Hyderabad","16,000",1570,Semi-Furnished
590,2 BHK Apartment,"Moosapet, Hyderabad","15,000",1100,Semi-Furnished
591,3 BHK Apartment,"Somajiguda, Hyderabad","20,000",1500,Semi-Furnished
592,3 BHK Independent House,"Kothapet, Hyderabad","40,000",1700,Semi-Furnished
593,1 BHK Independent Floor,"Attapur, Hyderabad","8,000",700,Unfurnished
594,7 BHK Independent Floor,"Miyapur, Hyderabad",150000,9900,Semi-Furnished
595,3 BHK Apartment,"Ramachandra Puram, Hyderabad","18,000",1300,Semi-Furnished
596,3 BHK Apartment,"Gajulramaram Kukatpally, Hyderabad","27,000",1620,Semi-Furnished
597,3 BHK Apartment,"Krishna Reddy Pet, Hyderabad","18,000",1360,Semi-Furnished
598,3 BHK Apartment,"Pocharam, Hyderabad","12,000",1500,Semi-Furnished
599,2 BHK Independent House,"Kothapet, Hyderabad","13,500",1400,Unfurnished
600,4 BHK Independent House,"Old Bowenpally, Hyderabad","16,500",1000,Unfurnished
601,2 BHK Independent House,"Khairatabad Road, Hyderabad","14,000",700,Semi-Furnished
602,2 BHK Independent House,"Shaikpet, Hyderabad","12,000",1200,Unfurnished
603,5 BHK Villa,"Nallagandla Gachibowli, Hyderabad","80,000",4000,Semi-Furnished
604,5 BHK Villa,"Moinabad, Hyderabad",200000,7000,Furnished
605,2 BHK Apartment,"Chintalmet, Hyderabad","10,000",1000,Semi-Furnished
606,3 BHK Independent House,"Bolarum, Hyderabad","18,000",2000,Semi-Furnished
607,2 BHK Independent Floor,"Upparpally, Hyderabad","18,000",1700,Furnished
608,2 BHK Apartment,"Boiguda, Hyderabad","17,000",900,Unfurnished
609,3 BHK Apartment,"Pragathi Nagar Kukatpally, Hyderabad","16,000",1570,Semi-Furnished
610,2 BHK Apartment,"Moosapet, Hyderabad","15,000",1100,Semi-Furnished
611,3 BHK Apartment,"Somajiguda, Hyderabad","20,000",1500,Semi-Furnished
612,3 BHK Independent House,"Kothapet, Hyderabad","40,000",1700,Semi-Furnished
613,1 BHK Independent Floor,"Attapur, Hyderabad","8,000",700,Unfurnished
614,7 BHK Independent Floor,"Miyapur, Hyderabad",150000,9900,Semi-Furnished
615,3 BHK Apartment,"Ramachandra Puram, Hyderabad","18,000",1300,Semi-Furnished
616,3 BHK Apartment,"Gajulramaram Kukatpally, Hyderabad","27,000",1620,Semi-Furnished
617,3 BHK Apartment,"Krishna Reddy Pet, Hyderabad","18,000",1360,Semi-Furnished
618,3 BHK Apartment,"Pocharam, Hyderabad","12,000",1500,Semi-Furnished
619,2 BHK Independent House,"Kothapet, Hyderabad","13,500",1400,Unfurnished
620,4 BHK Independent House,"Old Bowenpally, Hyderabad","16,500",1000,Unfurnished
621,2 BHK Independent House,"Khairatabad Road, Hyderabad","14,000",700,Semi-Furnished
622,2 BHK Independent House,"Shaikpet, Hyderabad","12,000",1200,Unfurnished
623,5 BHK Villa,"Nallagandla Gachibowli, Hyderabad","80,000",4000,Semi-Furnished
624,5 BHK Villa,"Moinabad, Hyderabad",200000,7000,Furnished
625,2 BHK Apartment,"Chintalmet, Hyderabad","10,000",1000,Semi-Furnished
626,3 BHK Independent House,"Bolarum, Hyderabad","18,000",2000,Semi-Furnished
627,2 BHK Independent Floor,"Upparpally, Hyderabad","18,000",1700,Furnished
628,2 BHK Apartment,"Boiguda, Hyderabad","17,000",900,Unfurnished
629,3 BHK Apartment,"Pragathi Nagar Kukatpally, Hyderabad","16,000",1570,Semi-Furnished
630,2 BHK Apartment,"Moosapet, Hyderabad","15,000",1100,Semi-Furnished
631,3 BHK Apartment,"Somajiguda, Hyderabad","20,000",1500,Semi-Furnished
632,3 BHK Independent House,"Kothapet, Hyderabad","40,000",1700,Semi-Furnished
633,1 BHK Independent Floor,"Attapur, Hyderabad","8,000",700,Unfurnished
634,7 BHK Independent Floor,"Miyapur, Hyderabad",150000,9900,Semi-Furnished
635,3 BHK Apartment,"Ramachandra Puram, Hyderabad","18,000",1300,Semi-Furnished
636,3 BHK Apartment,"Gajulramaram Kukatpally, Hyderabad","27,000",1620,Semi-Furnished
637,3 BHK Apartment,"Krishna Reddy Pet, Hyderabad","18,000",1360,Semi-Furnished
638,3 BHK Apartment,"Pocharam, Hyderabad","12,000",1500,Semi-Furnished
639,2 BHK Independent House,"Kothapet, Hyderabad","13,500",1400,Unfurnished
640,4 BHK Independent House,"Old Bowenpally, Hyderabad","16,500",1000,Unfurnished
641,2 BHK Independent House,"Khairatabad Road, Hyderabad","14,000",700,Semi-Furnished
642,2 BHK Independent House,"Shaikpet, Hyderabad","12,000",1200,Unfurnished
643,5 BHK Villa,"Nallagandla Gachibowli, Hyderabad","80,000",4000,Semi-Furnished
644,5 BHK Villa,"Moinabad, Hyderabad",200000,7000,Furnished
645,2 BHK Apartment,"Chintalmet, Hyderabad","10,000",1000,Semi-Furnished
646,3 BHK Independent House,"Bolarum, Hyderabad","18,000",2000,Semi-Furnished
647,2 BHK Independent Floor,"Upparpally, Hyderabad","18,000",1700,Furnished
648,2 BHK Apartment,"Boiguda, Hyderabad","17,000",900,Unfurnished
649,3 BHK Apartment,"Pragathi Nagar Kukatpally, Hyderabad","16,000",1570,Semi-Furnished
650,2 BHK Apartment,"Moosapet, Hyderabad","15,000",1100,Semi-Furnished
651,3 BHK Apartment,"Somajiguda, Hyderabad","20,000",1500,Semi-Furnished
652,3 BHK Independent House,"Kothapet, Hyderabad","40,000",1700,Semi-Furnished
653,1 BHK Independent Floor,"Attapur, Hyderabad","8,000",700,Unfurnished
654,7 BHK Independent Floor,"Miyapur, Hyderabad",150000,9900,Semi-Furnished
655,3 BHK Apartment,"Ramachandra Puram, Hyderabad","18,000",1300,Semi-Furnished
656,3 BHK Apartment,"Gajulramaram Kukatpally, Hyderabad","27,000",1620,Semi-Furnished
657,3 BHK Apartment,"Krishna Reddy Pet, Hyderabad","18,000",1360,Semi-Furnished
658,3 BHK Apartment,"Pocharam, Hyderabad","12,000",1500,Semi-Furnished
659,2 BHK Independent House,"Kothapet, Hyderabad","13,500",1400,Unfurnished
660,4 BHK Independent House,"Old Bowenpally, Hyderabad","16,500",1000,Unfurnished
661,2 BHK Independent House,"Khairatabad Road, Hyderabad","14,000",700,Semi-Furnished
662,2 BHK Independent House,"Shaikpet, Hyderabad","12,000",1200,Unfurnished
663,5 BHK Villa,"Nallagandla Gachibowli, Hyderabad","80,000",4000,Semi-Furnished
664,5 BHK Villa,"Moinabad, Hyderabad",200000,7000,Furnished
665,2 BHK Apartment,"Chintalmet, Hyderabad","10,000",1000,Semi-Furnished
666,3 BHK Independent House,"Bolarum, Hyderabad","18,000",2000,Semi-Furnished
667,2 BHK Independent Floor,"Upparpally, Hyderabad","18,000",1700,Furnished
668,2 BHK Apartment,"Boiguda, Hyderabad","17,000",900,Unfurnished
669,3 BHK Apartment,"Pragathi Nagar Kukatpally, Hyderabad","16,000",1570,Semi-Furnished
670,2 BHK Apartment,"Moosapet, Hyderabad","15,000",1100,Semi-Furnished
671,3 BHK Apartment,"Somajiguda, Hyderabad","20,000",1500,Semi-Furnished
672,3 BHK Independent House,"Kothapet, Hyderabad","40,000",1700,Semi-Furnished
673,1 BHK Independent Floor,"Attapur, Hyderabad","8,000",700,Unfurnished
674,7 BHK Independent Floor,"Miyapur, Hyderabad",150000,9900,Semi-Furnished
675,3 BHK Apartment,"Ramachandra Puram, Hyderabad","18,000",1300,Semi-Furnished
676,3 BHK Apartment,"Gajulramaram Kukatpally, Hyderabad","27,000",1620,Semi-Furnished
677,3 BHK Apartment,"Krishna Reddy Pet, Hyderabad","18,000",1360,Semi-Furnished
678,3 BHK Apartment,"Pocharam, Hyderabad","12,000",1500,Semi-Furnished
679,2 BHK Independent House,"Kothapet, Hyderabad","13,500",1400,Unfurnished
680,4 BHK Independent House,"Old Bowenpally, Hyderabad","16,500",1000,Unfurnished
681,2 BHK Independent House,"Khairatabad Road, Hyderabad","14,000",700,Semi-Furnished
682,2 BHK Independent House,"Shaikpet, Hyderabad","12,000",1200,Unfurnished
683,5 BHK Villa,"Nallagandla Gachibowli, Hyderabad","80,000",4000,Semi-Furnished
684,5 BHK Villa,"Moinabad, Hyderabad",200000,7000,Furnished
685,2 BHK Apartment,"Chintalmet, Hyderabad","10,000",1000,Semi-Furnished
686,3 BHK Independent House,"Bolarum, Hyderabad","18,000",2000,Semi-Furnished
687,2 BHK Independent Floor,"Upparpally, Hyderabad","18,000",1700,Furnished
688,2 BHK Apartment,"Boiguda, Hyderabad","17,000",900,Unfurnished
689,3 BHK Apartment,"Pragathi Nagar Kukatpally, Hyderabad","16,000",1570,Semi-Furnished
690,2 BHK Apartment,"Moosapet, Hyderabad","15,000",1100,Semi-Furnished
691,3 BHK Apartment,"Somajiguda, Hyderabad","20,000",1500,Semi-Furnished
692,3 BHK Independent House,"Kothapet, Hyderabad","40,000",1700,Semi-Furnished
693,1 BHK Independent Floor,"Attapur, Hyderabad","8,000",700,Unfurnished
694,7 BHK Independent Floor,"Miyapur, Hyderabad",150000,9900,Semi-Furnished
695,3 BHK Apartment,"Ramachandra Puram, Hyderabad","18,000",1300,Semi-Furnished
696,3 BHK Apartment,"Gajulramaram Kukatpally, Hyderabad","27,000",1620,Semi-Furnished
697,3 BHK Apartment,"Krishna Reddy Pet, Hyderabad","18,000",1360,Semi-Furnished
698,3 BHK Apartment,"Pocharam, Hyderabad","12,000",1500,Semi-Furnished
699,2 BHK Independent House,"Kothapet, Hyderabad","13,500",1400,Unfurnished
700,4 BHK Independent House,"Old Bowenpally, Hyderabad","16,500",1000,Unfurnished
701,2 BHK Independent House,"Khairatabad Road, Hyderabad","14,000",700,Semi-Furnished
702,2 BHK Independent House,"Shaikpet, Hyderabad","12,000",1200,Unfurnished
703,5 BHK Villa,"Nallagandla Gachibowli, Hyderabad","80,000",4000,Semi-Furnished
704,5 BHK Villa,"Moinabad, Hyderabad",200000,7000,Furnished
705,2 BHK Apartment,"Chintalmet, Hyderabad","10,000",1000,Semi-Furnished
706,3 BHK Independent House,"Bolarum, Hyderabad","18,000",2000,Semi-Furnished
707,2 BHK Independent Floor,"Upparpally, Hyderabad","18,000",1700,Furnished
708,2 BHK Apartment,"Boiguda, Hyderabad","17,000",900,Unfurnished
709,3 BHK Apartment,"Pragathi Nagar Kukatpally, Hyderabad","16,000",1570,Semi-Furnished
710,2 BHK Apartment,"Moosapet, Hyderabad","15,000",1100,Semi-Furnished
711,3 BHK Apartment,"Somajiguda, Hyderabad","20,000",1500,Semi-Furnished
712,3 BHK Independent House,"Kothapet, Hyderabad","40,000",1700,Semi-Furnished
713,1 BHK Independent Floor,"Attapur, Hyderabad","8,000",700,Unfurnished
714,7 BHK Independent Floor,"Miyapur, Hyderabad",150000,9900,Semi-Furnished
715,3 BHK Apartment,"Ramachandra Puram, Hyderabad","18,000",1300,Semi-Furnished
716,3 BHK Apartment,"Gajulramaram Kukatpally, Hyderabad","27,000",1620,Semi-Furnished
717,3 BHK Apartment,"Krishna Reddy Pet, Hyderabad","18,000",1360,Semi-Furnished
718,3 BHK Apartment,"Pocharam, Hyderabad","12,000",1500,Semi-Furnished
719,2 BHK Independent House,"Kothapet, Hyderabad","13,500",1400,Unfurnished
720,4 BHK Independent House,"Old Bowenpally, Hyderabad","16,500",1000,Unfurnished
721,2 BHK Independent House,"Khairatabad Road, Hyderabad","14,000",700,Semi-Furnished
722,2 BHK Independent House,"Shaikpet, Hyderabad","12,000",1200,Unfurnished
723,5 BHK Villa,"Nallagandla Gachibowli, Hyderabad","80,000",4000,Semi-Furnished
724,5 BHK Villa,"Moinabad, Hyderabad",200000,7000,Furnished
725,2 BHK Apartment,"Chintalmet, Hyderabad","10,000",1000,Semi-Furnished
726,3 BHK Independent House,"Bolarum, Hyderabad","18,000",2000,Semi-Furnished
727,2 BHK Independent Floor,"Upparpally, Hyderabad","18,000",1700,Furnished
728,2 BHK Apartment,"Boiguda, Hyderabad","17,000",900,Unfurnished
729,3 BHK Apartment,"Pragathi Nagar Kukatpally, Hyderabad","16,000",1570,Semi-Furnished
730,2 BHK Apartment,"Moosapet, Hyderabad","15,000",1100,Semi-Furnished
731,3 BHK Apartment,"Somajiguda, Hyderabad","20,000",1500,Semi-Furnished
732,3 BHK Independent House,"Kothapet, Hyderabad","40,000",1700,Semi-Furnished
733,1 BHK Independent Floor,"Attapur, Hyderabad","8,000",700,Unfurnished
734,7 BHK Independent Floor,"Miyapur, Hyderabad",150000,9900,Semi-Furnished
735,3 BHK Apartment,"Ramachandra Puram, Hyderabad","18,000",1300,Semi-Furnished
736,3 BHK Apartment,"Gajulramaram Kukatpally, Hyderabad","27,000",1620,Semi-Furnished
737,3 BHK Apartment,"Krishna Reddy Pet, Hyderabad","18,000",1360,Semi-Furnished
738,3 BHK Apartment,"Pocharam, Hyderabad","12,000",1500,Semi-Furnished
739,2 BHK Independent House,"Kothapet, Hyderabad","13,500",1400,Unfurnished
740,4 BHK Independent House,"Old Bowenpally, Hyderabad","16,500",1000,Unfurnished
741,2 BHK Independent House,"Khairatabad Road, Hyderabad","14,000",700,Semi-Furnished
742,2 BHK Independent House,"Shaikpet, Hyderabad","12,000",1200,Unfurnished
743,5 BHK Villa,"Nallagandla Gachibowli, Hyderabad","80,000",4000,Semi-Furnished
744,5 BHK Villa,"Moinabad, Hyderabad",200000,7000,Furnished
745,2 BHK Apartment,"Chintalmet, Hyderabad","10,000",1000,Semi-Furnished
746,3 BHK Independent House,"Bolarum, Hyderabad","18,000",2000,Semi-Furnished
747,2 BHK Independent Floor,"Upparpally, Hyderabad","18,000",1700,Furnished
748,2 BHK Apartment,"Boiguda, Hyderabad","17,000",900,Unfurnished
749,3 BHK Apartment,"Pragathi Nagar Kukatpally, Hyderabad","16,000",1570,Semi-Furnished
750,2 BHK Apartment,"Moosapet, Hyderabad","15,000",1100,Semi-Furnished
751,3 BHK Apartment,"Somajiguda, Hyderabad","20,000",1500,Semi-Furnished
752,3 BHK Independent House,"Kothapet, Hyderabad","40,000",1700,Semi-Furnished
753,1 BHK Independent Floor,"Attapur, Hyderabad","8,000",700,Unfurnished
754,7 BHK Independent Floor,"Miyapur, Hyderabad",150000,9900,Semi-Furnished
755,3 BHK Apartment,"Ramachandra Puram, Hyderabad","18,000",1300,Semi-Furnished
756,3 BHK Apartment,"Gajulramaram Kukatpally, Hyderabad","27,000",1620,Semi-Furnished
757,3 BHK Apartment,"Krishna Reddy Pet, Hyderabad","18,000",1360,Semi-Furnished
758,3 BHK Apartment,"Pocharam, Hyderabad","12,000",1500,Semi-Furnished
759,2 BHK Independent House,"Kothapet, Hyderabad","13,500",1400,Unfurnished
760,4 BHK Independent House,"Old Bowenpally, Hyderabad","16,500",1000,Unfurnished
761,2 BHK Independent House,"Khairatabad Road, Hyderabad","14,000",700,Semi-Furnished
762,2 BHK Independent House,"Shaikpet, Hyderabad","12,000",1200,Unfurnished
763,5 BHK Villa,"Nallagandla Gachibowli, Hyderabad","80,000",4000,Semi-Furnished
764,5 BHK Villa,"Moinabad, Hyderabad",200000,7000,Furnished
765,2 BHK Apartment,"Chintalmet, Hyderabad","10,000",1000,Semi-Furnished
766,3 BHK Independent House,"Bolarum, Hyderabad","18,000",2000,Semi-Furnished
767,2 BHK Independent Floor,"Upparpally, Hyderabad","18,000",1700,Furnished
768,2 BHK Apartment,"Boiguda, Hyderabad","17,000",900,Unfurnished
769,3 BHK Apartment,"Pragathi Nagar Kukatpally, Hyderabad","16,000",1570,Semi-Furnished
770,2 BHK Apartment,"Moosapet, Hyderabad","15,000",1100,Semi-Furnished
771,3 BHK Apartment,"Somajiguda, Hyderabad","20,000",1500,Semi-Furnished
772,3 BHK Independent House,"Kothapet, Hyderabad","40,000",1700,Semi-Furnished
773,1 BHK Independent Floor,"Attapur, Hyderabad","8,000",700,Unfurnished
774,7 BHK Independent Floor,"Miyapur, Hyderabad",150000,9900,Semi-Furnished
775,3 BHK Apartment,"Ramachandra Puram, Hyderabad","18,000",1300,Semi-Furnished
776,3 BHK Apartment,"Gajulramaram Kukatpally, Hyderabad","27,000",1620,Semi-Furnished
777,3 BHK Apartment,"Krishna Reddy Pet, Hyderabad","18,000",1360,Semi-Furnished
778,3 BHK Apartment,"Pocharam, Hyderabad","12,000",1500,Semi-Furnished
779,2 BHK Independent House,"Kothapet, Hyderabad","13,500",1400,Unfurnished
780,4 BHK Independent House,"Old Bowenpally, Hyderabad","16,500",1000,Unfurnished
781,2 BHK Independent House,"Khairatabad Road, Hyderabad","14,000",700,Semi-Furnished
782,2 BHK Independent House,"Shaikpet, Hyderabad","12,000",1200,Unfurnished
783,5 BHK Villa,"Nallagandla Gachibowli, Hyderabad","80,000",4000,Semi-Furnished
784,5 BHK Villa,"Moinabad, Hyderabad",200000,7000,Furnished
785,2 BHK Apartment,"Chintalmet, Hyderabad","10,000",1000,Semi-Furnished
786,3 BHK Independent House,"Bolarum, Hyderabad","18,000",2000,Semi-Furnished
787,2 BHK Independent Floor,"Upparpally, Hyderabad","18,000",1700,Furnished
788,2 BHK Apartment,"Boiguda, Hyderabad","17,000",900,Unfurnished
789,3 BHK Apartment,"Pragathi Nagar Kukatpally, Hyderabad","16,000",1570,Semi-Furnished
790,2 BHK Apartment,"Moosapet, Hyderabad","15,000",1100,Semi-Furnished
791,3 BHK Apartment,"Somajiguda, Hyderabad","20,000",1500,Semi-Furnished
792,3 BHK Independent House,"Kothapet, Hyderabad","40,000",1700,Semi-Furnished
793,1 BHK Independent Floor,"Attapur, Hyderabad","8,000",700,Unfurnished
794,7 BHK Independent Floor,"Miyapur, Hyderabad",150000,9900,Semi-Furnished
795,3 BHK Apartment,"Ramachandra Puram, Hyderabad","18,000",1300,Semi-Furnished
796,3 BHK Apartment,"Gajulramaram Kukatpally, Hyderabad","27,000",1620,Semi-Furnished
797,3 BHK Apartment,"Krishna Reddy Pet, Hyderabad","18,000",1360,Semi-Furnished
798,3 BHK Apartment,"Pocharam, Hyderabad","12,000",1500,Semi-Furnished
799,2 BHK Independent House,"Kothapet, Hyderabad","13,500",1400,Unfurnished
800,4 BHK Independent House,"Old Bowenpally, Hyderabad","16,500",1000,Unfurnished
801,2 BHK Independent House,"Khairatabad Road, Hyderabad","14,000",700,Semi-Furnished
802,2 BHK Independent House,"Shaikpet, Hyderabad","12,000",1200,Unfurnished
803,5 BHK Villa,"Nallagandla Gachibowli, Hyderabad","80,000",4000,Semi-Furnished
804,5 BHK Villa,"Moinabad, Hyderabad",200000,7000,Furnished
805,2 BHK Apartment,"Chintalmet, Hyderabad","10,000",1000,Semi-Furnished
806,3 BHK Independent House,"Bolarum, Hyderabad","18,000",2000,Semi-Furnished
807,2 BHK Independent Floor,"Upparpally, Hyderabad","18,000",1700,Furnished
808,2 BHK Apartment,"Boiguda, Hyderabad","17,000",900,Unfurnished
809,3 BHK Apartment,"Pragathi Nagar Kukatpally, Hyderabad","16,000",1570,Semi-Furnished
810,2 BHK Apartment,"Moosapet, Hyderabad","15,000",1100,Semi-Furnished
811,3 BHK Apartment,"Somajiguda, Hyderabad","20,000",1500,Semi-Furnished
812,3 BHK Independent House,"Kothapet, Hyderabad","40,000",1700,Semi-Furnished
813,1 BHK Independent Floor,"Attapur, Hyderabad","8,000",700,Unfurnished
814,7 BHK Independent Floor,"Miyapur, Hyderabad",150000,9900,Semi-Furnished
815,3 BHK Apartment,"Ramachandra Puram, Hyderabad","18,000",1300,Semi-Furnished
816,3 BHK Apartment,"Gajulramaram Kukatpally, Hyderabad","27,000",1620,Semi-Furnished
817,3 BHK Apartment,"Krishna Reddy Pet, Hyderabad","18,000",1360,Semi-Furnished
818,3 BHK Apartment,"Pocharam, Hyderabad","12,000",1500,Semi-Furnished
819,2 BHK Independent House,"Kothapet, Hyderabad","13,500",1400,Unfurnished
820,4 BHK Independent House,"Old Bowenpally, Hyderabad","16,500",1000,Unfurnished
821,2 BHK Independent House,"Khairatabad Road, Hyderabad","14,000",700,Semi-Furnished
822,2 BHK Independent House,"Shaikpet, Hyderabad","12,000",1200,Unfurnished
823,5 BHK Villa,"Nallagandla Gachibowli, Hyderabad","80,000",4000,Semi-Furnished
824,5 BHK Villa,"Moinabad, Hyderabad",200000,7000,Furnished
825,2 BHK Apartment,"Chintalmet, Hyderabad","10,000",1000,Semi-Furnished
826,3 BHK Independent House,"Bolarum, Hyderabad","18,000",2000,Semi-Furnished
827,2 BHK Independent Floor,"Upparpally, Hyderabad","18,000",1700,Furnished
828,2 BHK Apartment,"Boiguda, Hyderabad","17,000",900,Unfurnished
829,3 BHK Apartment,"Pragathi Nagar Kukatpally, Hyderabad","16,000",1570,Semi-Furnished
830,2 BHK Apartment,"Moosapet, Hyderabad","15,000",1100,Semi-Furnished
831,3 BHK Apartment,"Somajiguda, Hyderabad","20,000",1500,Semi-Furnished
832,3 BHK Independent House,"Kothapet, Hyderabad","40,000",1700,Semi-Furnished
833,1 BHK Independent Floor,"Attapur, Hyderabad","8,000",700,Unfurnished
834,7 BHK Independent Floor,"Miyapur, Hyderabad",150000,9900,Semi-Furnished
835,3 BHK Apartment,"Ramachandra Puram, Hyderabad","18,000",1300,Semi-Furnished
836,3 BHK Apartment,"Gajulramaram Kukatpally, Hyderabad","27,000",1620,Semi-Furnished
837,3 BHK Apartment,"Krishna Reddy Pet, Hyderabad","18,000",1360,Semi-Furnished
838,3 BHK Apartment,"Pocharam, Hyderabad","12,000",1500,Semi-Furnished
839,2 BHK Independent House,"Kothapet, Hyderabad","13,500",1400,Unfurnished
840,4 BHK Independent House,"Old Bowenpally, Hyderabad","16,500",1000,Unfurnished
841,2 BHK Independent House,"Khairatabad Road, Hyderabad","14,000",700,Semi-Furnished
842,2 BHK Independent House,"Shaikpet, Hyderabad","12,000",1200,Unfurnished
843,5 BHK Villa,"Nallagandla Gachibowli, Hyderabad","80,000",4000,Semi-Furnished
844,5 BHK Villa,"Moinabad, Hyderabad",200000,7000,Furnished
845,2 BHK Apartment,"Chintalmet, Hyderabad","10,000",1000,Semi-Furnished
846,3 BHK Independent House,"Bolarum, Hyderabad","18,000",2000,Semi-Furnished
847,2 BHK Independent Floor,"Upparpally, Hyderabad","18,000",1700,Furnished
848,2 BHK Apartment,"Boiguda, Hyderabad","17,000",900,Unfurnished
849,3 BHK Apartment,"Pragathi Nagar Kukatpally, Hyderabad","16,000",1570,Semi-Furnished
850,2 BHK Apartment,"Moosapet, Hyderabad","15,000",1100,Semi-Furnished
851,3 BHK Apartment,"Somajiguda, Hyderabad","20,000",1500,Semi-Furnished
852,3 BHK Independent House,"Kothapet, Hyderabad","40,000",1700,Semi-Furnished
853,1 BHK Independent Floor,"Attapur, Hyderabad","8,000",700,Unfurnished
854,7 BHK Independent Floor,"Miyapur, Hyderabad",150000,9900,Semi-Furnished
855,3 BHK Apartment,"Ramachandra Puram, Hyderabad","18,000",1300,Semi-Furnished
856,3 BHK Apartment,"Gajulramaram Kukatpally, Hyderabad","27,000",1620,Semi-Furnished
857,3 BHK Apartment,"Krishna Reddy Pet, Hyderabad","18,000",1360,Semi-Furnished
858,3 BHK Apartment,"Pocharam, Hyderabad","12,000",1500,Semi-Furnished
859,2 BHK Independent House,"Kothapet, Hyderabad","13,500",1400,Unfurnished
860,4 BHK Independent House,"Old Bowenpally, Hyderabad","16,500",1000,Unfurnished
861,2 BHK Independent House,"Khairatabad Road, Hyderabad","14,000",700,Semi-Furnished
862,2 BHK Independent House,"Shaikpet, Hyderabad","12,000",1200,Unfurnished
863,5 BHK Villa,"Nallagandla Gachibowli, Hyderabad","80,000",4000,Semi-Furnished
864,5 BHK Villa,"Moinabad, Hyderabad",200000,7000,Furnished
865,2 BHK Apartment,"Chintalmet, Hyderabad","10,000",1000,Semi-Furnished
866,3 BHK Independent House,"Bolarum, Hyderabad","18,000",2000,Semi-Furnished
867,2 BHK Independent Floor,"Upparpally, Hyderabad","18,000",1700,Furnished
868,2 BHK Apartment,"Boiguda, Hyderabad","17,000",900,Unfurnished
869,3 BHK Apartment,"Pragathi Nagar Kukatpally, Hyderabad","16,000",1570,Semi-Furnished
870,2 BHK Apartment,"Moosapet, Hyderabad","15,000",1100,Semi-Furnished
871,3 BHK Apartment,"Somajiguda, Hyderabad","20,000",1500,Semi-Furnished
872,3 BHK Independent House,"Kothapet, Hyderabad","40,000",1700,Semi-Furnished
873,1 BHK Independent Floor,"Attapur, Hyderabad","8,000",700,Unfurnished
874,7 BHK Independent Floor,"Miyapur, Hyderabad",150000,9900,Semi-Furnished
875,3 BHK Apartment,"Ramachandra Puram, Hyderabad","18,000",1300,Semi-Furnished
876,3 BHK Apartment,"Gajulramaram Kukatpally, Hyderabad","27,000",1620,Semi-Furnished
877,3 BHK Apartment,"Krishna Reddy Pet, Hyderabad","18,000",1360,Semi-Furnished
878,3 BHK Apartment,"Pocharam, Hyderabad","12,000",1500,Semi-Furnished
879,2 BHK Independent House,"Kothapet, Hyderabad","13,500",1400,Unfurnished
880,4 BHK Independent House,"Old Bowenpally, Hyderabad","16,500",1000,Unfurnished
881,2 BHK Independent House,"Khairatabad Road, Hyderabad","14,000",700,Semi-Furnished
882,2 BHK Independent House,"Shaikpet, Hyderabad","12,000",1200,Unfurnished
883,5 BHK Villa,"Nallagandla Gachibowli, Hyderabad","80,000",4000,Semi-Furnished
884,5 BHK Villa,"Moinabad, Hyderabad",200000,7000,Furnished
885,2 BHK Apartment,"Chintalmet, Hyderabad","10,000",1000,Semi-Furnished
886,3 BHK Independent House,"Bolarum, Hyderabad","18,000",2000,Semi-Furnished
887,2 BHK Independent Floor,"Upparpally, Hyderabad","18,000",1700,Furnished
888,2 BHK Apartment,"Boiguda, Hyderabad","17,000",900,Unfurnished
889,3 BHK Apartment,"Pragathi Nagar Kukatpally, Hyderabad","16,000",1570,Semi-Furnished
890,2 BHK Apartment,"Moosapet, Hyderabad","15,000",1100,Semi-Furnished
891,3 BHK Apartment,"Somajiguda, Hyderabad","20,000",1500,Semi-Furnished
892,3 BHK Independent House,"Kothapet, Hyderabad","40,000",1700,Semi-Furnished
893,1 BHK Independent Floor,"Attapur, Hyderabad","8,000",700,Unfurnished
894,7 BHK Independent Floor,"Miyapur, Hyderabad",150000,9900,Semi-Furnished
895,3 BHK Apartment,"Ramachandra Puram, Hyderabad","18,000",1300,Semi-Furnished
896,3 BHK Apartment,"Gajulramaram Kukatpally, Hyderabad","27,000",1620,Semi-Furnished
897,3 BHK Apartment,"Krishna Reddy Pet, Hyderabad","18,000",1360,Semi-Furnished
898,3 BHK Apartment,"Pocharam, Hyderabad","12,000",1500,Semi-Furnished
899,2 BHK Independent House,"Kothapet, Hyderabad","13,500",1400,Unfurnished
900,4 BHK Independent House,"Old Bowenpally, Hyderabad","16,500",1000,Unfurnished
901,2 BHK Independent House,"Khairatabad Road, Hyderabad","14,000",700,Semi-Furnished
902,2 BHK Independent House,"Shaikpet, Hyderabad","12,000",1200,Unfurnished
903,5 BHK Villa,"Nallagandla Gachibowli, Hyderabad","80,000",4000,Semi-Furnished
904,5 BHK Villa,"Moinabad, Hyderabad",200000,7000,Furnished
905,2 BHK Apartment,"Chintalmet, Hyderabad","10,000",1000,Semi-Furnished
906,3 BHK Independent House,"Bolarum, Hyderabad","18,000",2000,Semi-Furnished
907,2 BHK Independent Floor,"Upparpally, Hyderabad","18,000",1700,Furnished
908,2 BHK Apartment,"Boiguda, Hyderabad","17,000",900,Unfurnished
909,3 BHK Apartment,"Pragathi Nagar Kukatpally, Hyderabad","16,000",1570,Semi-Furnished
910,2 BHK Apartment,"Moosapet, Hyderabad","15,000",1100,Semi-Furnished
911,3 BHK Apartment,"Somajiguda, Hyderabad","20,000",1500,Semi-Furnished
912,3 BHK Independent House,"Kothapet, Hyderabad","40,000",1700,Semi-Furnished
913,1 BHK Independent Floor,"Attapur, Hyderabad","8,000",700,Unfurnished
914,7 BHK Independent Floor,"Miyapur, Hyderabad",150000,9900,Semi-Furnished
915,3 BHK Apartment,"Ramachandra Puram, Hyderabad","18,000",1300,Semi-Furnished
916,3 BHK Apartment,"Gajulramaram Kukatpally, Hyderabad","27,000",1620,Semi-Furnished
917,3 BHK Apartment,"Krishna Reddy Pet, Hyderabad","18,000",1360,Semi-Furnished
918,3 BHK Apartment,"Pocharam, Hyderabad","12,000",1500,Semi-Furnished
919,2 BHK Independent House,"Kothapet, Hyderabad","13,500",1400,Unfurnished
920,4 BHK Independent House,"Old Bowenpally, Hyderabad","16,500",1000,Unfurnished
921,2 BHK Independent House,"Khairatabad Road, Hyderabad","14,000",700,Semi-Furnished
922,2 BHK Independent House,"Shaikpet, Hyderabad","12,000",1200,Unfurnished
923,5 BHK Villa,"Nallagandla Gachibowli, Hyderabad","80,000",4000,Semi-Furnished
924,5 BHK Villa,"Moinabad, Hyderabad",200000,7000,Furnished
925,2 BHK Apartment,"Chintalmet, Hyderabad","10,000",1000,Semi-Furnished
926,3 BHK Independent House,"Bolarum, Hyderabad","18,000",2000,Semi-Furnished
927,2 BHK Independent Floor,"Upparpally, Hyderabad","18,000",1700,Furnished
928,2 BHK Apartment,"Boiguda, Hyderabad","17,000",900,Unfurnished
929,3 BHK Apartment,"Pragathi Nagar Kukatpally, Hyderabad","16,000",1570,Semi-Furnished
930,2 BHK Apartment,"Moosapet, Hyderabad","15,000",1100,Semi-Furnished
931,3 BHK Apartment,"Somajiguda, Hyderabad","20,000",1500,Semi-Furnished
932,3 BHK Independent House,"Kothapet, Hyderabad","40,000",1700,Semi-Furnished
933,1 BHK Independent Floor,"Attapur, Hyderabad","8,000",700,Unfurnished
934,7 BHK Independent Floor,"Miyapur, Hyderabad",150000,9900,Semi-Furnished
935,3 BHK Apartment,"Ramachandra Puram, Hyderabad","18,000",1300,Semi-Furnished
936,3 BHK Apartment,"Gajulramaram Kukatpally, Hyderabad","27,000",1620,Semi-Furnished
937,3 BHK Apartment,"Krishna Reddy Pet, Hyderabad","18,000",1360,Semi-Furnished
938,3 BHK Apartment,"Pocharam, Hyderabad","12,000",1500,Semi-Furnished
939,2 BHK Independent House,"Kothapet, Hyderabad","13,500",1400,Unfurnished
940,4 BHK Independent House,"Old Bowenpally, Hyderabad","16,500",1000,Unfurnished
941,2 BHK Independent House,"Khairatabad Road, Hyderabad","14,000",700,Semi-Furnished
942,2 BHK Independent House,"Shaikpet, Hyderabad","12,000",1200,Unfurnished
943,5 BHK Villa,"Nallagandla Gachibowli, Hyderabad","80,000",4000,Semi-Furnished
944,5 BHK Villa,"Moinabad, Hyderabad",200000,7000,Furnished
945,2 BHK Apartment,"Chintalmet, Hyderabad","10,000",1000,Semi-Furnished
946,3 BHK Independent House,"Bolarum, Hyderabad","18,000",2000,Semi-Furnished
947,2 BHK Independent Floor,"Upparpally, Hyderabad","18,000",1700,Furnished
948,2 BHK Apartment,"Boiguda, Hyderabad","17,000",900,Unfurnished
949,3 BHK Apartment,"Pragathi Nagar Kukatpally, Hyderabad","16,000",1570,Semi-Furnished
950,2 BHK Apartment,"Moosapet, Hyderabad","15,000",1100,Semi-Furnished
951,3 BHK Apartment,"Somajiguda, Hyderabad","20,000",1500,Semi-Furnished
952,3 BHK Independent House,"Kothapet, Hyderabad","40,000",1700,Semi-Furnished
953,1 BHK Independent Floor,"Attapur, Hyderabad","8,000",700,Unfurnished
954,7 BHK Independent Floor,"Miyapur, Hyderabad",150000,9900,Semi-Furnished
955,3 BHK Apartment,"Ramachandra Puram, Hyderabad","18,000",1300,Semi-Furnished
956,3 BHK Apartment,"Gajulramaram Kukatpally, Hyderabad","27,000",1620,Semi-Furnished
957,3 BHK Apartment,"Krishna Reddy Pet, Hyderabad","18,000",1360,Semi-Furnished
958,3 BHK Apartment,"Pocharam, Hyderabad","12,000",1500,Semi-Furnished
959,2 BHK Independent House,"Kothapet, Hyderabad","13,500",1400,Unfurnished
960,4 BHK Independent House,"Old Bowenpally, Hyderabad","16,500",1000,Unfurnished
961,2 BHK Independent House,"Khairatabad Road, Hyderabad","14,000",700,Semi-Furnished
962,2 BHK Independent House,"Shaikpet, Hyderabad","12,000",1200,Unfurnished
963,5 BHK Villa,"Nallagandla Gachibowli, Hyderabad","80,000",4000,Semi-Furnished
964,5 BHK Villa,"Moinabad, Hyderabad",200000,7000,Furnished
965,2 BHK Apartment,"Chintalmet, Hyderabad","10,000",1000,Semi-Furnished
966,3 BHK Independent House,"Bolarum, Hyderabad","18,000",2000,Semi-Furnished
967,2 BHK Independent Floor,"Upparpally, Hyderabad","18,000",1700,Furnished
968,2 BHK Apartment,"Boiguda, Hyderabad","17,000",900,Unfurnished
969,3 BHK Apartment,"Pragathi Nagar Kukatpally, Hyderabad","16,000",1570,Semi-Furnished
970,2 BHK Apartment,"Moosapet, Hyderabad","15,000",1100,Semi-Furnished
971,3 BHK Apartment,"Somajiguda, Hyderabad","20,000",1500,Semi-Furnished
972,3 BHK Independent House,"Kothapet, Hyderabad","40,000",1700,Semi-Furnished
973,1 BHK Independent Floor,"Attapur, Hyderabad","8,000",700,Unfurnished
974,7 BHK Independent Floor,"Miyapur, Hyderabad",150000,9900,Semi-Furnished
975,3 BHK Apartment,"Ramachandra Puram, Hyderabad","18,000",1300,Semi-Furnished
976,3 BHK Apartment,"Gajulramaram Kukatpally, Hyderabad","27,000",1620,Semi-Furnished
977,3 BHK Apartment,"Krishna Reddy Pet, Hyderabad","18,000",1360,Semi-Furnished
978,3 BHK Apartment,"Pocharam, Hyderabad","12,000",1500,Semi-Furnished
979,2 BHK Independent House,"Kothapet, Hyderabad","13,500",1400,Unfurnished
980,4 BHK Independent House,"Old Bowenpally, Hyderabad","16,500",1000,Unfurnished
981,2 BHK Independent House,"Khairatabad Road, Hyderabad","14,000",700,Semi-Furnished
982,2 BHK Independent House,"Shaikpet, Hyderabad","12,000",1200,Unfurnished
983,5 BHK Villa,"Nallagandla Gachibowli, Hyderabad","80,000",4000,Semi-Furnished
984,5 BHK Villa,"Moinabad, Hyderabad",200000,7000,Furnished
985,2 BHK Apartment,"Chintalmet, Hyderabad","10,000",1000,Semi-Furnished
986,3 BHK Independent House,"Bolarum, Hyderabad","18,000",2000,Semi-Furnished
987,2 BHK Independent Floor,"Upparpally, Hyderabad","18,000",1700,Furnished
988,2 BHK Apartment,"Boiguda, Hyderabad","17,000",900,Unfurnished
989,3 BHK Apartment,"Pragathi Nagar Kukatpally, Hyderabad","16,000",1570,Semi-Furnished
990,2 BHK Apartment,"Moosapet, Hyderabad","15,000",1100,Semi-Furnished
991,3 BHK Apartment,"Somajiguda, Hyderabad","20,000",1500,Semi-Furnished
992,3 BHK Independent House,"Kothapet, Hyderabad","40,000",1700,Semi-Furnished
993,1 BHK Independent Floor,"Attapur, Hyderabad","8,000",700,Unfurnished
994,7 BHK Independent Floor,"Miyapur, Hyderabad",150000,9900,Semi-Furnished
995,3 BHK Apartment,"Ramachandra Puram, Hyderabad","18,000",1300,Semi-Furnished
996,3 BHK Apartment,"Gajulramaram Kukatpally, Hyderabad","27,000",1620,Semi-Furnished
997,3 BHK Apartment,"Krishna Reddy Pet, Hyderabad","18,000",1360,Semi-Furnished
998,3 BHK Apartment,"Pocharam, Hyderabad","12,000",1500,Semi-Furnished
999,2 BHK Independent House,"Kothapet, Hyderabad","13,500",1400,Unfurnished
